院校ID,院校名称,地区,类型,院校标签,行业标签,所属部委,专业组ID,专业组名称,专业组类别,批次,选考科目,专业ID,专业名称,2026计划数,2026最低分,2026最低位次,2026平均分,2026最高分,2026最高位次,2025计划数,2025最低分,2025最低位次,2025平均分,2025最高分,2025最高位次,2024计划数,2024最低分,2024最低位次,2024平均分,2024最高分,2024最高位次,2023计划数,2023最低分,2023最低位次,2023平均分,2023最高分,2023最高位次,专业组标签,专业组备注,专业备注
3113,华东师范大学,上海市,综合类,985、211、双一流、强基计划、师大六姐妹、101计划、公办,教育、科研,教育部,HDSFDBKTQAw99,优师计划物理组化学,物理组,本科提前批A段,化学,HDSFDBKTQAw9901,物理学（师范类）,0,0,0,0,0,0,2,620,0,622.5,625,0,2,628,0,633.5,639,0,2,612,0,615,618,0,优师专项、免学费,优师专项 免学费,填报办法、报考条件及定向县招生计划分配等情况，请登录云南省招考频道查阅《云南省2025年优师专项考生须知》
3113,华东师范大学,上海市,综合类,985、211、双一流、强基计划、师大六姐妹、101计划、公办,教育、科研,教育部,HDSFDBKTQAw99,优师计划物理组化学,物理组,本科提前批A段,化学,HDSFDBKTQAw9902,数学与应用数学（师范类）,0,0,0,0,0,0,0,0,0,0,0,0,2,632,0,633.5,635,0,2,628,0,628.5,629,0,优师专项、免学费,优师专项 免学费,填报办法、报考条件及定向县招生计划分配等情况，请登录云南省招考频道查阅《云南省2025年优师专项考生须知》
3113,华东师范大学,上海市,综合类,985、211、双一流、强基计划、师大六姐妹、101计划、公办,教育、科研,教育部,HDSFDBKTQDw01,专业组01,物理组,本科提前批D段,化学,HDSFDBKTQDw0101,数学与应用数学（师范类）,0,0,0,0,0,0,7,647,0,651,664,0,7,639,0,640,641,0,7,660,0,660.5,661,0,公费师范生、免学费,国家公费师范生本研衔接培养,定向任教地：昆明市、曲靖市、大理州、红河州、普洱市
3113,华东师范大学,上海市,综合类,985、211、双一流、强基计划、师大六姐妹、101计划、公办,教育、科研,教育部,HDSFDBKTQDw01,专业组01,物理组,本科提前批D段,化学,HDSFDBKTQDw0102,地理科学（师范类）,0,0,0,0,0,0,2,639,0,641.5,644,0,2,640,0,640,640,0,2,649,0,649,649,0,公费师范生、免学费,国家公费师范生本研衔接培养,定向任教地：普洱市、临沧市
3113,华东师范大学,上海市,综合类,985、211、双一流、强基计划、师大六姐妹、101计划、公办,教育、科研,教育部,HDSFDBKTQDw01,专业组01,物理组,本科提前批D段,化学,HDSFDBKTQDw0103,化学（师范类）,0,0,0,0,0,0,1,646,0,646,646,0,1,646,0,646.5,647,0,1,647,0,649,651,0,公费师范生、免学费,国家公费师范生本研衔接培养,定向任教地：临沧市
3113,华东师范大学,上海市,综合类,985、211、双一流、强基计划、师大六姐妹、101计划、公办,教育、科研,教育部,HDSFDBKTQDw01,专业组01,物理组,本科提前批D段,化学,HDSFDBKTQDw0104,物理学（师范类）,0,0,0,0,0,0,0,0,0,0,0,0,1,636,0,637,638,0,1,658,0,667,676,0,公费师范生、免学费,国家公费师范生本研衔接培养,定向任教地：昆明市、曲靖市、大理州、红河州、普洱市
3113,华东师范大学,上海市,综合类,985、211、双一流、强基计划、师大六姐妹、101计划、公办,教育、科研,教育部,HDSFDBKTQDw01,专业组01,物理组,本科提前批D段,化学,HDSFDBKTQDw0105,生物科学（师范类）,0,0,0,0,0,0,0,0,0,0,0,0,1,640,0,655,670,0,1,654,0,655.5,657,0,公费师范生、免学费,国家公费师范生本研衔接培养,定向任教地：昆明市、曲靖市、大理州、红河州、普洱市
3113,华东师范大学,上海市,综合类,985、211、双一流、强基计划、师大六姐妹、101计划、公办,教育、科研,教育部,HDSFDBKPAw99,专业组99,物理组,本科批A段,化学,HDSFDBKPAw9901,心理学类,0,0,0,0,0,0,1,627,0,627,627,0,1,573,0,573,573,0,1,576,0,576,576,0,高校专项计划,高校专项计划,包含专业:心理学、应用心理学， 普陀校区
3113,华东师范大学,上海市,综合类,985、211、双一流、强基计划、师大六姐妹、101计划、公办,教育、科研,教育部,HDSFDBKPAw99,专业组99,物理组,本科批A段,化学,HDSFDBKPAw9902,物理学,0,0,0,0,0,0,1,624,0,624,624,0,1,622,0,622,622,0,1,623,0,623,623,0,高校专项计划,高校专项计划,闵行校区
3113,华东师范大学,上海市,综合类,985、211、双一流、强基计划、师大六姐妹、101计划、公办,教育、科研,教育部,HDSFDBKPAw99,专业组99,物理组,本科批A段,化学,HDSFDBKPAw9903,化学,0,0,0,0,0,0,1,625,0,625,625,0,1,595,0,595,595,0,1,616,0,616,616,0,高校专项计划,高校专项计划,闵行校区
3113,华东师范大学,上海市,综合类,985、211、双一流、强基计划、师大六姐妹、101计划、公办,教育、科研,教育部,HDSFDBKPAw99,专业组99,物理组,本科批A段,化学,HDSFDBKPAw9904,生物科学类,0,0,0,0,0,0,1,614,0,614,614,0,1,602,0,602,602,0,1,605,0,605,605,0,高校专项计划,高校专项计划,包含专业:生物科学、生物技术， 闵行校区
3113,华东师范大学,上海市,综合类,985、211、双一流、强基计划、师大六姐妹、101计划、公办,教育、科研,教育部,HDSFDBKPAw99,专业组99,物理组,本科批A段,化学,HDSFDBKPAw9905,听力与言语康复学,0,0,0,0,0,0,1,611,0,611,611,0,1,580,0,580,580,0,1,574,0,574,574,0,高校专项计划,高校专项计划,普陀校区
3113,华东师范大学,上海市,综合类,985、211、双一流、强基计划、师大六姐妹、101计划、公办,教育、科研,教育部,HDSFDBKPBw02,专业组02,物理组,本科批B段,化学,HDSFDBKPBw0201,微电子科学与工程,0,0,0,0,0,0,4,634,0,634,634,0,4,632,0,633,634,0,4,621,0,621,621,0,,,闵行校区
3113,华东师范大学,上海市,综合类,985、211、双一流、强基计划、师大六姐妹、101计划、公办,教育、科研,教育部,HDSFDBKPBw02,专业组02,物理组,本科批B段,化学,HDSFDBKPBw0202,软件工程,0,0,0,0,0,0,3,639,0,640,641,0,3,633,0,634.7,637,0,3,611,0,626.5,642,0,,,第三、四年学费16000元/年，大三下学期至大四学年到临港我校滴水湖国际软件学院就读
3113,华东师范大学,上海市,综合类,985、211、双一流、强基计划、师大六姐妹、101计划、公办,教育、科研,教育部,HDSFDBKPBw02,专业组02,物理组,本科批B段,化学,HDSFDBKPBw0203,计算机科学与技术,0,0,0,0,0,0,3,634,0,635,636,0,3,632,0,632.7,633,0,3,610,0,621.5,636,0,,,普陀校区
3113,华东师范大学,上海市,综合类,985、211、双一流、强基计划、师大六姐妹、101计划、公办,教育、科研,教育部,HDSFDBKPBw02,专业组02,物理组,本科批B段,化学,HDSFDBKPBw0204,统计学类,0,0,0,0,0,0,3,635,0,641.3,648,0,3,638,0,639.5,641,0,3,619,0,622,625,0,,,包含专业：统计学、数据科学，普陀校区
3113,华东师范大学,上海市,综合类,985、211、双一流、强基计划、师大六姐妹、101计划、公办,教育、科研,教育部,HDSFDBKPBw02,专业组02,物理组,本科批B段,化学,HDSFDBKPBw0205,生态学,0,0,0,0,0,0,2,632,0,632,632,0,2,630,0,631,632,0,0,0,0,0,0,0,,,闵行校区
3113,华东师范大学,上海市,综合类,985、211、双一流、强基计划、师大六姐妹、101计划、公办,教育、科研,教育部,HDSFDBKPBw02,专业组02,物理组,本科批B段,化学,HDSFDBKPBw0206,化学,0,0,0,0,0,0,2,632,0,632.5,633,0,2,630,0,632,634,0,0,0,0,0,0,0,,,闵行校区
3113,华东师范大学,上海市,综合类,985、211、双一流、强基计划、师大六姐妹、101计划、公办,教育、科研,教育部,HDSFDBKPBw02,专业组02,物理组,本科批B段,化学,HDSFDBKPBw0207,数据科学与大数据技术,0,0,0,0,0,0,2,636,0,637,638,0,2,634,0,635.5,637,0,2,631,0,634,639,0,,,普陀校区
3113,华东师范大学,上海市,综合类,985、211、双一流、强基计划、师大六姐妹、101计划、公办,教育、科研,教育部,HDSFDBKPBw02,专业组02,物理组,本科批B段,化学,HDSFDBKPBw0208,通信工程,0,0,0,0,0,0,2,636,0,636,636,0,2,631,0,631,631,0,2,618,0,619.5,621,0,,,闵行校区
3113,华东师范大学,上海市,综合类,985、211、双一流、强基计划、师大六姐妹、101计划、公办,教育、科研,教育部,HDSFDBKPBw02,专业组02,物理组,本科批B段,化学,HDSFDBKPBw0209,物理学,0,0,0,0,0,0,2,633,0,633,633,0,2,632,0,632,632,0,2,627,0,630,633,0,,,闵行校区
3113,华东师范大学,上海市,综合类,985、211、双一流、强基计划、师大六姐妹、101计划、公办,教育、科研,教育部,HDSFDBKPBw02,专业组02,物理组,本科批B段,化学,HDSFDBKPBw0210,数学与应用数学,0,0,0,0,0,0,2,638,0,639,640,0,2,636,0,637.5,639,0,2,639,0,644.5,650,0,,,闵行校区
3113,华东师范大学,上海市,综合类,985、211、双一流、强基计划、师大六姐妹、101计划、公办,教育、科研,教育部,HDSFDBKPBw02,专业组02,物理组,本科批B段,化学,HDSFDBKPBw0211,心理学类,0,0,0,0,0,0,2,638,0,642.5,647,0,2,635,0,637,639,0,2,615,0,626.5,638,0,,,包含专业：心理学、应用心理学，普陀校区
3113,华东师范大学,上海市,综合类,985、211、双一流、强基计划、师大六姐妹、101计划、公办,教育、科研,教育部,HDSFDBKPBw03,专业组03,物理组,本科批B段,化学,HDSFDBKPBw0301,地理信息科学,0,0,0,0,0,0,3,533,0,543.3,550,0,0,0,0,0,0,0,0,0,0,0,0,0,国家专项计划,,闵行校区；国家专项计划
3113,华东师范大学,上海市,综合类,985、211、双一流、强基计划、师大六姐妹、101计划、公办,教育、科研,教育部,HDSFDBKPBw03,专业组03,物理组,本科批B段,化学,HDSFDBKPBw0302,生态学,0,0,0,0,0,0,2,490,0,535,580,0,0,0,0,0,0,0,0,0,0,0,0,0,国家专项计划,,闵行校区；国家专项计划
3113,华东师范大学,上海市,综合类,985、211、双一流、强基计划、师大六姐妹、101计划、公办,教育、科研,教育部,HDSFDBKPBw03,专业组03,物理组,本科批B段,化学,HDSFDBKPBw0303,环境科学与工程类,0,0,0,0,0,0,2,521,0,530,539,0,0,0,0,0,0,0,0,0,0,0,0,0,国家专项计划,,闵行校区；国家专项计划，包含专业：环境科学、环境生态工程
3113,华东师范大学,上海市,综合类,985、211、双一流、强基计划、师大六姐妹、101计划、公办,教育、科研,教育部,HDSFDBKPBw03,专业组03,物理组,本科批B段,化学,HDSFDBKPBw0304,地理科学,0,0,0,0,0,0,2,565,0,588,611,0,1,612,0,613,614,0,1,624,0,624,624,0,国家专项计划,,闵行校区；国家专项计划
3113,华东师范大学,上海市,综合类,985、211、双一流、强基计划、师大六姐妹、101计划、公办,教育、科研,教育部,HDSFDBKPBw03,专业组03,物理组,本科批B段,化学,HDSFDBKPBw0305,生物科学类,0,0,0,0,0,0,2,632,0,634,636,0,1,614,0,618,622,0,1,625,0,629.7,634,0,国家专项计划,,闵行校区；国家专项计划，包含专业：生物科学、生物技术
3113,华东师范大学,上海市,综合类,985、211、双一流、强基计划、师大六姐妹、101计划、公办,教育、科研,教育部,HDSFDBKPBw03,专业组03,物理组,本科批B段,化学,HDSFDBKPBw0306,化学,0,0,0,0,0,0,2,585,0,589,593,0,1,618,0,624,629,0,1,635,0,638.3,642,0,国家专项计划,,闵行校区；国家专项计划
3113,华东师范大学,上海市,综合类,985、211、双一流、强基计划、师大六姐妹、101计划、公办,教育、科研,教育部,HDSFDBKPBw03,专业组03,物理组,本科批B段,化学,HDSFDBKPBw0307,物理学（公费师范）,0,0,0,0,0,0,0,0,0,0,0,0,1,625,0,629.3,632,0,1,621,0,622.5,624,0,国家专项计划,,闵行校区；国家专项计划
3113,华东师范大学,上海市,综合类,985、211、双一流、强基计划、师大六姐妹、101计划、公办,教育、科研,教育部,HDSFDBKPBw03,专业组03,物理组,本科批B段,化学,HDSFDBKPBw0308,数学与应用数学（公费师范）,0,0,0,0,0,0,0,0,0,0,0,0,1,626,0,632,638,0,1,638,0,640.5,643,0,国家专项计划,,闵行校区；国家专项计划
4213,华中师范大学,湖北省,综合类,211、双一流、强基计划、师大六姐妹、101计划、公办,教育、科研,教育部,HZSFDXTQAw98,优师计划物理组不限,物理组,提前本科批A段,不限,HZSFDXTQAw9801,英语（师范类）,0,0,0,0,0,0,2,625,3813,0,0,0,2*,619,0,619,619,0,0,602,0,604,606,0,优师专项、免学费,优师专项 免学费,优师专项，只招英语语种，填报办法、报考条件及定向县招生计划分配等情况，请登录云南省招考频道查阅《云南省2025年优师专项考生须知》， 学费免费， 2024年专业名称:英语（优师计划）， 2023年专业名称:英语（优师计划）
4213,华中师范大学,湖北省,综合类,211、双一流、强基计划、师大六姐妹、101计划、公办,教育、科研,教育部,HZSFDXTQAw99,优师计划物理组化学,物理组,提前本科批A段,化学,HZSFDXTQAw9901,数学与应用数学（师范类）,0,0,0,0,0,0,2,624,3981,0,0,0,1*,625,0,625,625,0,0,616,0,616,616,0,优师专项、免学费,优师专项 免学费,优师专项，填报办法、报考条件及定向县招生计划分配等情况，请登录云南省招考频道查阅《云南省2025年优师专项考生须知》， 学费免费， 2024年专业名称:数学与应用数学（优师计划）， 2023年专业名称:数学与应用数学（优师计划）
4213,华中师范大学,湖北省,综合类,211、双一流、强基计划、师大六姐妹、101计划、公办,教育、科研,教育部,HZSFDXTQAw99,优师计划物理组化学,物理组,提前本科批A段,化学,HZSFDXTQAw9902,物理学（师范类）,0,0,0,0,0,0,2,613,6293,0,0,0,2*,610,0,616,622,0,0,616,0,620,624,0,优师专项、免学费,优师专项 免学费,优师专项，填报办法、报考条件及定向县招生计划分配等情况，请登录云南省招考频道查阅《云南省2025年优师专项考生须知》， 学费免费， 2024年专业名称:物理学（优师计划）， 2023年专业名称:物理学（优师计划）
4213,华中师范大学,湖北省,综合类,211、双一流、强基计划、师大六姐妹、101计划、公办,教育、科研,教育部,HZSFDXTQDw01,专业组01,物理组,提前本科批D段,不限,HZSFDXTQDw0101,外国语言文学类,0,0,0,0,0,0,2,619,4901,0,0,0,0,0,0,0,0,0,0,0,0,0,0,0,,,包含专业:日语、法语、俄语、西班牙语，只招英语、俄语、日语、法语、西班牙语语种， 学费4500元/年
4213,华中师范大学,湖北省,综合类,211、双一流、强基计划、师大六姐妹、101计划、公办,教育、科研,教育部,HZSFDXTQDw02,专业组02,物理组,提前本科批D段,不限,HZSFDXTQDw0201,心理学（师范类）,0,0,0,0,0,0,1,638,1924,0,0,0,1*,631,0,631,631,0,1*,627,0,627,627,0,公费师范生、免学费,国家公费师范生本研衔接培养,国家公费师范生，本研衔接培养，定向任教地:昆明市， 学费免费， 2024年专业名称:心理学（公费师范）， 2023年专业名称:心理学（公费师范）
4213,华中师范大学,湖北省,综合类,211、双一流、强基计划、师大六姐妹、101计划、公办,教育、科研,教育部,HZSFDXTQDw02,专业组02,物理组,提前本科批D段,不限,HZSFDXTQDw0202,英语（师范类）,0,0,0,0,0,0,1,643,1434,0,0,0,1*,621,0,621,621,0,2*,628,0,629,630,0,公费师范生、免学费,国家公费师范生本研衔接培养,国家公费师范生，只招英语语种，本研衔接培养，定向任教地:曲靖市、普洱市， 学费免费， 2024年专业名称:英语（公费师范）， 2023年专业名称:英语（公费师范）
4213,华中师范大学,湖北省,综合类,211、双一流、强基计划、师大六姐妹、101计划、公办,教育、科研,教育部,HZSFDXTQDw02,专业组02,物理组,提前本科批D段,不限,HZSFDXTQDw0203,教育技术学（师范类）,0,0,0,0,0,0,1,639,1810,0,0,0,0,0,0,0,0,0,0,0,0,0,0,0,公费师范生、免学费,国家公费师范生本研衔接培养,国家公费师范生，本研衔接培养，定向任教地:昆明市， 学费免费
4213,华中师范大学,湖北省,综合类,211、双一流、强基计划、师大六姐妹、101计划、公办,教育、科研,教育部,HZSFDXTQDw03,专业组03,物理组,提前本科批D段,化学,HZSFDXTQDw0301,数学与应用数学（师范类）,0,0,0,0,0,0,2,643,1434,0,0,0,2*,645,0,645,645,0,9*,631,0,639.44,653,0,公费师范生、免学费,国家公费师范生本研衔接培养,国家公费师范生，本研衔接培养，定向任教地:昆明市、红河州， 学费免费， 2024年专业名称:数学与应用数学（公费师范）， 2023年专业名称:数学与应用数学（公费师范）
4213,华中师范大学,湖北省,综合类,211、双一流、强基计划、师大六姐妹、101计划、公办,教育、科研,教育部,HZSFDXTQDw03,专业组03,物理组,提前本科批D段,化学,HZSFDXTQDw0302,物理学（师范类）,0,0,0,0,0,0,2,641,1599,0,0,0,3*,622,0,629,638,0,3*,638,0,640,642,0,公费师范生、免学费,国家公费师范生本研衔接培养,国家公费师范生，本研衔接培养，定向任教地:曲靖市、普洱市， 学费免费， 2024年专业名称:物理学（公费师范）， 2023年专业名称:物理学（公费师范）
4213,华中师范大学,湖北省,综合类,211、双一流、强基计划、师大六姐妹、101计划、公办,教育、科研,教育部,HZSFDXTQDw04,专业组04,物理组,提前本科批D段,化学,HZSFDXTQDw0401,化学（师范类）,0,0,0,0,0,0,2,632,2672,0,0,0,0,0,0,0,0,0,2*,630,0,630,630,0,公费师范生、免学费,国家公费师范生本研衔接培养,国家公费师范生，本研衔接培养，定向任教地:大理州、临沧市，色盲、色弱或单色识别不全者不予录取， 学费免费， 2023年专业名称:化学（公费师范）
4213,华中师范大学,湖北省,综合类,211、双一流、强基计划、师大六姐妹、101计划、公办,教育、科研,教育部,HZSFDXTQDw04,专业组04,物理组,提前本科批D段,化学,HZSFDXTQDw0402,生物科学（师范类）,0,0,0,0,0,0,2,630,2933,0,0,0,0,0,0,0,0,0,1*,638,0,638,638,0,公费师范生、免学费,国家公费师范生本研衔接培养,国家公费师范生，本研衔接培养，定向任教地:昆明市、红河州，色盲、色弱或单色识别不全者不予录取， 学费免费， 2023年专业名称:生物科学（公费师范）
4213,华中师范大学,湖北省,综合类,211、双一流、强基计划、师大六姐妹、101计划、公办,教育、科研,教育部,HZSFDXTQDw05,专业组05,物理组,提前本科批D段,地理,HZSFDXTQDw0501,地理科学（师范类）,0,0,0,0,0,0,1,635,2312,0,0,0,0,0,0,0,0,0,0,0,0,0,0,0,公费师范生、免学费,国家公费师范生本研衔接培养,国家公费师范生，本研衔接培养，定向任教地:昆明市， 学费免费
4213,华中师范大学,湖北省,综合类,211、双一流、强基计划、师大六姐妹、101计划、公办,教育、科研,教育部,HZSFDXKPAw99,专业组99,物理组,本科批A段,不限,HZSFDXKPAw9901,教育学类,0,0,0,0,0,0,1,637,2046,0,0,0,0,0,0,0,0,0,0,0,0,0,0,0,高校专项计划,高校专项计划,包含专业:教育学、学前教育（非公费师范）、融合教育（非公费师范）， 学费4500元/年
4213,华中师范大学,湖北省,综合类,211、双一流、强基计划、师大六姐妹、101计划、公办,教育、科研,教育部,HZSFDXKPAw99,专业组99,物理组,本科批A段,不限,HZSFDXKPAw9902,金融学类,0,0,0,0,0,0,1,632,2672,0,0,0,0,0,0,0,0,0,0,0,0,0,0,0,高校专项计划,高校专项计划,包含专业:数字经济、金融工程（数智金融实验班）、房地产开发与管理（资产管理与智慧运营）， 学费4500元/年
4213,华中师范大学,湖北省,综合类,211、双一流、强基计划、师大六姐妹、101计划、公办,教育、科研,教育部,HZSFDXKPBw06,专业组06,物理组,本科批B段,不限,HZSFDXKPBw0601,公共管理类,0,0,0,0,0,0,5,623,4227,0,0,0,5*,557,0,577,601,0,1*,599,0,599,599,0,,,校本部；包含专业：行政管理（含数智基层治理实验班）、劳动与社会保障、土地资源管理（数智国土治理实验班）， 学制四年， 学费4500元/年， 2024年专业名称:公共管理类， 2023年专业名称:公共管理类
4213,华中师范大学,湖北省,综合类,211、双一流、强基计划、师大六姐妹、101计划、公办,教育、科研,教育部,HZSFDXKPBw06,专业组06,物理组,本科批B段,不限,HZSFDXKPBw0602,社会学类,0,0,0,0,0,0,4,622,4442,0,0,0,3*,565,0,567.67,569,0,3*,599,0,599.33,600,0,,,校本部；包含专业：社会学、社会工作， 学制四年， 学费4500元/年， 2024年专业名称:社会学类， 2023年专业名称:社会学类
4213,华中师范大学,湖北省,综合类,211、双一流、强基计划、师大六姐妹、101计划、公办,教育、科研,教育部,HZSFDXKPBw06,专业组06,物理组,本科批B段,不限,HZSFDXKPBw0603,金融学类,0,0,0,0,0,0,3,624,3981,0,0,0,2*,564,0,565,566,0,0,0,0,0,0,0,,,校本部；包含专业：数字经济、金融工程（数智金融实验班）、房地产开发与管理（资产管理与智慧运营）， 学制四年， 学费4500元/年， 2024年专业名称:金融学类
4213,华中师范大学,湖北省,综合类,211、双一流、强基计划、师大六姐妹、101计划、公办,教育、科研,教育部,HZSFDXKPBw06,专业组06,物理组,本科批B段,不限,HZSFDXKPBw0604,管理科学与工程类,0,0,0,0,0,0,3,621,4684,0,0,0,3*,553,0,580.33,608,0,0,584,0,590,596,0,,,校本部；包含专业：信息管理与信息系统、大数据管理与应用， 学制四年， 学费5850元/年， 2024年专业名称:管理科学与工程类， 2023年专业名称:管理科学与工程类
4213,华中师范大学,湖北省,综合类,211、双一流、强基计划、师大六姐妹、101计划、公办,教育、科研,教育部,HZSFDXKPBw06,专业组06,物理组,本科批B段,不限,HZSFDXKPBw0605,教育学类,0,0,0,0,0,0,3,625,3813,0,0,0,1*,610,0,610,610,0,1*,608,0,608,608,0,,,校本部；包含专业：教育学、学前教育（非公费师范）、融合教育（非公费师范）， 学制四年， 学费4500元/年， 2024年专业名称:教育学类， 2023年专业名称:教育学类
4213,华中师范大学,湖北省,综合类,211、双一流、强基计划、师大六姐妹、101计划、公办,教育、科研,教育部,HZSFDXKPBw06,专业组06,物理组,本科批B段,不限,HZSFDXKPBw0606,信息资源管理,0,0,0,0,0,0,2,619,4901,0,0,0,3*,560,0,581.33,602,0,3*,595,0,596.33,598,0,,,含创新实验班，校本部， 学制四年， 学费5850元/年， 2024年专业名称:信息资源管理(含创新实验班)， 2023年专业名称:信息资源管理
4213,华中师范大学,湖北省,综合类,211、双一流、强基计划、师大六姐妹、101计划、公办,教育、科研,教育部,HZSFDXKPBw06,专业组06,物理组,本科批B段,不限,HZSFDXKPBw0607,心理学类,0,0,0,0,0,0,2,631,2798,0,0,0,2*,575,0,589,603,0,2*,596,0,597.5,599,0,,,校本部；包含专业：心理学（非师范）、应用心理学， 学制四年， 学费4500元/年， 2024年专业名称:心理学类， 2023年专业名称:心理学类
4213,华中师范大学,湖北省,综合类,211、双一流、强基计划、师大六姐妹、101计划、公办,教育、科研,教育部,HZSFDXKPBw07,专业组07,物理组,本科批B段,化学,HZSFDXKPBw0701,计算机类,0,0,0,0,0,0,5,629,3104,0,0,0,4*,591,0,599.75,605,0,4*,599,0,601.5,604,0,,,校本部；包含专业：计算机科学与技术、计算机科学与技术（智能基座基地班）、软件工程、信息安全， 学制四年， 学费5850元/年， 2024年专业名称:计算机类(含计算机科学与技术、软件工程、信息安全、物联网工程、计算机科学与技术(智能基座基地班))， 2023年专业名称:计算机类
4213,华中师范大学,湖北省,综合类,211、双一流、强基计划、师大六姐妹、101计划、公办,教育、科研,教育部,HZSFDXKPBw07,专业组07,物理组,本科批B段,化学,HZSFDXKPBw0702,电子信息类,0,0,0,0,0,0,5,626,3645,0,0,0,4*,583,0,593.5,603,0,2*,598,0,601,604,0,,,校本部；包含专业：电子信息科学与技术、通信工程、集成电路设计与集成系统， 学制四年， 学费5850元/年， 2024年专业名称:电子信息类， 2023年专业名称:电子信息类
4213,华中师范大学,湖北省,综合类,211、双一流、强基计划、师大六姐妹、101计划、公办,教育、科研,教育部,HZSFDXKPBw07,专业组07,物理组,本科批B段,化学,HZSFDXKPBw0703,计算机类,0,0,0,0,0,0,4,630,2933,0,0,0,2*,599,0,600,601,0,0,595,0,595.5,596,0,,,校本部；包含专业：数据科学与大数据技术、人工智能（含数智实验班）、数字媒体技术， 学制四年， 学费5850元/年， 2024年专业名称:计算机类(含数据科学与大数据技术、人工智能)， 2023年专业名称:数据科学与大数据技术
4213,华中师范大学,湖北省,综合类,211、双一流、强基计划、师大六姐妹、101计划、公办,教育、科研,教育部,HZSFDXKPBw07,专业组07,物理组,本科批B段,化学,HZSFDXKPBw0704,数学类（师范类）,0,0,0,0,0,0,2,635,2312,0,0,0,0,0,0,0,0,0,0,0,0,0,0,0,,,校本部；包含专业：数学与应用数学（非公费师范）、数学与应用数学（基础学科创新实验班、非公费师范）， 学制四年， 学费5850元/年
4213,华中师范大学,湖北省,综合类,211、双一流、强基计划、师大六姐妹、101计划、公办,教育、科研,教育部,HZSFDXKPBw07,专业组07,物理组,本科批B段,化学,HZSFDXKPBw0705,数学类,0,0,0,0,0,0,1,628,3260,0,0,0,0,0,0,0,0,0,0,0,0,0,0,0,,,校本部；包含专业：数学与应用数学（非师范）、数学与应用数学（数学经济学交叉班）， 学制四年， 学费5850元/年
4213,华中师范大学,湖北省,综合类,211、双一流、强基计划、师大六姐妹、101计划、公办,教育、科研,教育部,HZSFDXKPBw08,专业组08,物理组,本科批B段,化学,HZSFDXKPBw0801,化学类,0,0,0,0,0,0,5,619,4901,0,0,0,7*,611,0,615,625,0,6*,602,0,607,612,0,,,校本部；包含专业：化学（智能化学）、化学（化学生物交叉班），色盲、色弱或单色识别不全者不予录取， 学制四年， 学费5850元/年， 2024年专业名称:化学类， 2023年专业名称:化学类
4213,华中师范大学,湖北省,综合类,211、双一流、强基计划、师大六姐妹、101计划、公办,教育、科研,教育部,HZSFDXKPBw08,专业组08,物理组,本科批B段,化学,HZSFDXKPBw0802,化学类（师范类）,0,0,0,0,0,0,4,623,4227,0,0,0,0,0,0,0,0,0,0,0,0,0,0,0,,,校本部；包含专业：化学（非公费师范）、化学（基础学科创新实验班、非公费师范），色盲、色弱或单色识别不全者不予录取， 学制四年， 学费5850元/年
4213,华中师范大学,湖北省,综合类,211、双一流、强基计划、师大六姐妹、101计划、公办,教育、科研,教育部,HZSFDXKPBw08,专业组08,物理组,本科批B段,化学,HZSFDXKPBw0803,生物科学类,0,0,0,0,0,0,3,617,5255,0,0,0,2*,613,0,615,617,0,0,614,0,622,630,0,,,校本部；包含专业：生物技术、生物科学（化学生物交叉班），色盲、色弱或单色识别不全者不予录取， 学制四年， 学费4500元/年， 2024年专业名称:生物科学类， 2023年专业名称:生物科学类
4213,华中师范大学,湖北省,综合类,211、双一流、强基计划、师大六姐妹、101计划、公办,教育、科研,教育部,HZSFDXKPBw08,专业组08,物理组,本科批B段,化学,HZSFDXKPBw0804,生物科学类（师范类）,0,0,0,0,0,0,2,622,4442,0,0,0,2*,605,0,605.5,606,0,2*,600,0,603,606,0,,,校本部；包含专业：生物科学（非公费师范）、生物科学（基础学科创新实验班、非公费师范），色盲、色弱或单色识别不全者不予录取， 学制四年， 学费4500元/年
4213,华中师范大学,湖北省,综合类,211、双一流、强基计划、师大六姐妹、101计划、公办,教育、科研,教育部,HZSFDXKPBw09,专业组09,物理组,本科批B段,不限,HZSFDXKPBw0901,金融学类,0,0,0,0,0,0,4,615,5651,0,0,0,4*,573,0,583.75,603,0,0,587,0,594,599,0,国家专项计划,国家专项计划,校本部；国家专项计划，包含专业：数字经济、金融工程（数智金融实验班）、房地产开发与管理（资产管理与智慧运营）， 学制四年， 学费4500元/年， 2024年专业名称:经济学类， 2023年专业名称:经济学类
4213,华中师范大学,湖北省,综合类,211、双一流、强基计划、师大六姐妹、101计划、公办,教育、科研,教育部,HZSFDXKPBw09,专业组09,物理组,本科批B段,不限,HZSFDXKPBw0902,社会学类,0,0,0,0,0,0,2,612,6335,0,0,0,0,612,0,613.5,615,0,0,596,0,597.5,599,0,国家专项计划,国家专项计划,校本部；国家专项计划，包含专业：社会学、社会工作， 学制四年， 学费4500元/年， 2024年专业名称:社会学类， 2023年专业名称:社会学类
4213,华中师范大学,湖北省,综合类,211、双一流、强基计划、师大六姐妹、101计划、公办,教育、科研,教育部,HZSFDXKPBw09,专业组09,物理组,本科批B段,不限,HZSFDXKPBw0903,管理科学与工程类,0,0,0,0,0,0,2,612,6335,0,0,0,2*,600,0,601,602,0,0,584,0,590,596,0,国家专项计划,国家专项计划,校本部；国家专项计划，包含专业：信息管理与信息系统、大数据管理与应用， 学制四年， 学费5850元/年， 2024年专业名称:管理科学与工程类， 2023年专业名称:管理科学与工程类
4213,华中师范大学,湖北省,综合类,211、双一流、强基计划、师大六姐妹、101计划、公办,教育、科研,教育部,HZSFDXKPBw09,专业组09,物理组,本科批B段,不限,HZSFDXKPBw0904,信息资源管理,0,0,0,0,0,0,1,612,6335,0,0,0,0,0,0,0,0,0,0,0,0,0,0,0,国家专项计划,国家专项计划,含创新实验班，校本部；国家专项计划， 学制四年， 学费5850元/年
4213,华中师范大学,湖北省,综合类,211、双一流、强基计划、师大六姐妹、101计划、公办,教育、科研,教育部,HZSFDXKPBw10,专业组10,物理组,本科批B段,化学,HZSFDXKPBw1001,电子信息类,0,0,0,0,0,0,3,615,5651,0,0,0,2*,605,0,605.5,606,0,0,594,0,597,600,0,国家专项计划,国家专项计划,校本部；国家专项计划，包含专业：电子信息科学与技术、通信工程、集成电路设计与集成系统， 学制四年， 学费5850元/年， 2024年专业名称:电子信息类， 2023年专业名称:电子信息类
4213,华中师范大学,湖北省,综合类,211、双一流、强基计划、师大六姐妹、101计划、公办,教育、科研,教育部,HZSFDXKPBw10,专业组10,物理组,本科批B段,化学,HZSFDXKPBw1002,计算机类,0,0,0,0,0,0,2,615,5651,0,0,0,2*,615,0,615,615,0,0,591,0,594,596,0,国家专项计划,国家专项计划,校本部；国家专项计划，包含专业：数据科学与大数据技术、人工智能（含数智实验班）、数字媒体技术， 学制四年， 学费5850元/年， 2024年专业名称:计算机类(含计算机科学与技术、软件工程、信息安全、物联网工程、计算机科学与技术(智能基座基地班))， 2023年专业名称:计算机类
4213,华中师范大学,湖北省,综合类,211、双一流、强基计划、师大六姐妹、101计划、公办,教育、科研,教育部,HZSFDXKPBw11,专业组11,物理组,本科批B段,化学,HZSFDXKPBw1101,生物科学类,0,0,0,0,0,0,3,612,6335,0,0,0,0,0,0,0,0,0,0,0,0,0,0,0,国家专项计划,国家专项计划,校本部；国家专项计划，包含专业：生物技术、生物科学（化学生物交叉班），色盲、色弱或单色识别不全者不予录取， 学制四年， 学费4500元/年
4213,华中师范大学,湖北省,综合类,211、双一流、强基计划、师大六姐妹、101计划、公办,教育、科研,教育部,HZSFDXKPBw11,专业组11,物理组,本科批B段,化学,HZSFDXKPBw1102,化学类,0,0,0,0,0,0,2,612,6335,0,0,0,2*,610,0,611,612,0,0,605,0,611.5,618,0,国家专项计划,国家专项计划,校本部；国家专项计划，包含专业：化学（智能化学）、化学（化学生物交叉班），色盲、色弱或单色识别不全者不予录取， 学制四年， 学费5850元/年， 2024年专业名称:化学类， 2023年专业名称:化学类
4213,华中师范大学,湖北省,综合类,211、双一流、强基计划、师大六姐妹、101计划、公办,教育、科研,教育部,HZSFDXKPBw12,专业组12,物理组,本科批B段,不限,HZSFDXKPBw1201,少数民族预科班,0,0,0,0,0,0,3,0,0,0,0,0,3*,0,0,0,0,0,0,0,0,0,0,0,少数民族预科班,少数民族预科班,校本部；不招收公费师范生，外语语种限制为英、俄、日、法、西， 学制四年， 学费3375元/年
6115,陕西师范大学,陕西西安市,师范类,211、双一流、师大六姐妹、公办,,教育部,SXSFTQAw99,优师计划物理组化学,物理组,提前本科批A段,化学,SXSFTQAw9901,化学（师范类）,0,0,0,0,0,0,6,608,0,613.5,623,0,9,603,0,614.1,622,0,9,599,0,609.6,624,0,优师专项、免学费,优师专项 免学费,不招收色盲、色弱及单色识别不全考生，填报办法、报考条件及定向县招生计划分配等情况，请登录云南省招考频道查阅《云南省2025年优师专项考生须知》
6115,陕西师范大学,陕西西安市,师范类,211、双一流、师大六姐妹、公办,,教育部,SXSFTQAw99,优师计划物理组化学,物理组,提前本科批A段,化学,SXSFTQAw9902,生物科学（师范类）,0,0,0,0,0,0,6,609,0,614.2,619,0,8,600,0,613,640,0,8,589,0,600.9,610,0,优师专项、免学费,优师专项 免学费,不招收色盲、色弱及单色识别不全考生，填报办法、报考条件及定向县招生计划分配等情况，请登录云南省招考频道查阅《云南省2025年优师专项考生须知》
6115,陕西师范大学,陕西西安市,师范类,211、双一流、师大六姐妹、公办,,教育部,SXSFTQAw98,优师计划物理组地理,物理组,提前本科批A段,地理,SXSFTQAw9801,地理科学（师范类）,0,0,0,0,0,0,5,613,0,621.2,628,0,7,602,0,608.3,616,0,7,582,0,600.9,609,0,优师专项、免学费,优师专项 免学费,不招色盲、单色识别不全者，填报办法、报考条件及定向县招生计划分配等情况，请登录云南省招考频道查阅《云南省2025年优师专项考生须知》
6115,陕西师范大学,陕西西安市,师范类,211、双一流、师大六姐妹、公办,,教育部,SXSFTQAw99,优师计划物理组化学,物理组,提前本科批A段,化学,SXSFTQAw9903,数学与应用数学（师范类）,0,0,0,0,0,0,4,620,0,622.5,628,0,8,608,0,615.3,631,0,9,599,0,605.4,623,0,优师专项、免学费,优师专项 免学费,填报办法、报考条件及定向县招生计划分配等情况，请登录云南省招考频道查阅《云南省2025年优师专项考生须知》
6115,陕西师范大学,陕西西安市,师范类,211、双一流、师大六姐妹、公办,,教育部,SXSFTQAw99,优师计划物理组化学,物理组,提前本科批A段,化学,SXSFTQAw9904,物理学（师范类）,0,0,0,0,0,0,4,615,0,618.5,627,0,4,611,0,613.3,616,0,9,589,0,598.8,610,0,优师专项、免学费,优师专项 免学费,填报办法、报考条件及定向县招生计划分配等情况，请登录云南省招考频道查阅《云南省2025年优师专项考生须知》
6115,陕西师范大学,陕西西安市,师范类,211、双一流、师大六姐妹、公办,,教育部,SXSFTQAw97,优师计划物理组不限,物理组,提前本科批A段,不限,SXSFTQAw9701,英语（师范类）,0,0,0,0,0,0,2,618,0,619,620,0,1,626,0,626,626,0,1,599,0,599,599,0,优师专项、免学费,优师专项 免学费,只招英语语种，填报办法、报考条件及定向县招生计划分配等情况，请登录云南省招考频道查阅《云南省2025年优师专项考生须知》
6115,陕西师范大学,陕西西安市,师范类,211、双一流、师大六姐妹、公办,,教育部,SXSFTQDw01,专业组01,物理组,提前本科批D段,化学,SXSFTQDw0101,物理学（师范类）,0,0,0,0,0,0,2,633,0,634,635,0,1,643,0,643,643,0,3,621,0,623.3,626,0,公费师范生、免学费,国家公费师范生本研衔接培养,定向任教地:红河州、临沧市
6115,陕西师范大学,陕西西安市,师范类,211、双一流、师大六姐妹、公办,,教育部,SXSFTQDw02,专业组02,物理组,提前本科批D段,化学,SXSFTQDw0201,计算机科学与技术（师范类）,0,0,0,0,0,0,1,644,0,644,644,0,0,0,0,0,0,0,0,0,0,0,0,0,公费师范生、免学费,国家公费师范生本研衔接培养,定向任教地:昆明市
6115,陕西师范大学,陕西西安市,师范类,211、双一流、师大六姐妹、公办,,教育部,SXSFTQDw03,专业组03,物理组,提前本科批D段,地理,SXSFTQDw0301,地理科学（师范类）,0,0,0,0,0,0,3,628,0,629.7,632,0,2,629,0,629.5,630,0,0,0,0,0,0,0,公费师范生、免学费,国家公费师范生本研衔接培养,定向任教地:昆明市、红河州，不招色盲、单色识别不全者
6115,陕西师范大学,陕西西安市,师范类,211、双一流、师大六姐妹、公办,,教育部,SXSFTQDw04,专业组04,物理组,提前本科批D段,化学,SXSFTQDw0401,化学（师范类）,0,0,0,0,0,0,3,630,0,631,632,0,2,634,0,634,634,0,0,0,0,0,0,0,公费师范生、免学费,国家公费师范生本研衔接培养,定向任教地:昆明市、普洱市，不招收色盲、色弱及单色识别不全考生
6115,陕西师范大学,陕西西安市,师范类,211、双一流、师大六姐妹、公办,,教育部,SXSFTQDw04,专业组04,物理组,提前本科批D段,化学,SXSFTQDw0402,生物科学（师范类）,0,0,0,0,0,0,3,629,0,634,638,0,1,634,0,634,634,0,0,0,0,0,0,0,公费师范生、免学费,国家公费师范生本研衔接培养,定向任教地:昆明市、普洱市，不招收色盲、色弱及单色识别不全考生
6115,陕西师范大学,陕西西安市,师范类,211、双一流、师大六姐妹、公办,,教育部,SXSFTQDw05,专业组05,物理组,提前本科批D段,化学,SXSFTQDw0501,数学与应用数学（师范类）,0,0,0,0,0,0,2,629,0,629.5,630,0,5,631,0,632.2,634,0,5,619,0,620.8,623,0,公费师范生、免学费,国家公费师范生本研衔接培养,定向任教地:普洱市、临沧市
6115,陕西师范大学,陕西西安市,师范类,211、双一流、师大六姐妹、公办,,教育部,SXSFBPaw99,专业组99,物理组,本科批A段,化学,SXSFBPaw9901,物理学类,0,0,0,0,0,0,1,608,0,608,608,0,1,588,0,588,588,0,1,592,0,592,592,0,高校专项计划,,包含专业:物理学（师范）、物理学（恒元班）、物理学（创新实验班）、电子信息科学与技术， 6600元/年
6115,陕西师范大学,陕西西安市,师范类,211、双一流、师大六姐妹、公办,,教育部,SXSFBPaw99,专业组99,物理组,本科批A段,化学,SXSFBPaw9902,生物科学（师范类）,0,0,0,0,0,0,1,620,0,620,620,0,2,581,0,582,583,0,1,572,0,572,572,0,高校专项计划,国家公费师范生本研衔接培养,定向任教地:昆明市、普洱市，不招收色盲、色弱及单色识别不全考生，免学费
6115,陕西师范大学,陕西西安市,师范类,211、双一流、师大六姐妹、公办,,教育部,SXSFBPBw06,专业组06,物理组,本科批B段,不限,SXSFBPBw0601,大数据管理与应用,0,0,0,0,0,0,2,605,0,606.5,608,0,0,0,0,0,0,0,0,0,0,0,0,0,,,主校区，四年，5500元/年
6115,陕西师范大学,陕西西安市,师范类,211、双一流、师大六姐妹、公办,,教育部,SXSFBPBw06,专业组06,物理组,本科批B段,不限,SXSFBPBw0602,经济学类,0,0,0,0,0,0,2,602,0,602.5,603,0,0,0,0,0,0,0,0,0,0,0,0,0,,,主校区，包含专业：经济学、金融学，四年，5500元/年
6115,陕西师范大学,陕西西安市,师范类,211、双一流、师大六姐妹、公办,,教育部,SXSFBPBw07,专业组07,物理组,本科批B段,化学,SXSFBPBw0701,计算机类,0,0,0,0,0,0,7,606,0,609.3,615,0,2,603,0,603,603,0,0,0,0,0,0,0,,,主校区，包含专业：计算机科学与技术（创新实验班）、软件工程、人工智能，四年，6600元/年
6115,陕西师范大学,陕西西安市,师范类,211、双一流、师大六姐妹、公办,,教育部,SXSFBPBw07,专业组07,物理组,本科批B段,化学,SXSFBPBw0702,化学类,0,0,0,0,0,0,3,614,0,615,616,0,2,605,0,605,605,0,6,576,0,588.2,596,0,,,主校区，包含专业：化学（师范）、化学（笃学班）、化学（创新实验班）、应用化学，不招收色盲、色弱及单色识别不全考生，四年，6600元/年
6115,陕西师范大学,陕西西安市,师范类,211、双一流、师大六姐妹、公办,,教育部,SXSFBPBw07,专业组07,物理组,本科批B段,化学,SXSFBPBw0703,材料类,0,0,0,0,0,0,2,606,0,607.5,609,0,4,600,0,601,603,0,0,0,0,0,0,0,,,主校区，包含专业：材料化学、新能源材料与器件，不招色盲、单色识别不全者，四年，6600元/年
6115,陕西师范大学,陕西西安市,师范类,211、双一流、师大六姐妹、公办,,教育部,SXSFBPBw07,专业组07,物理组,本科批B段,化学,SXSFBPBw0704,生物科学类,0,0,0,0,0,0,2,612,0,613,614,0,2,604,0,612,620,0,0,0,0,0,0,0,,,主校区，包含专业：生物科学（师范）、生物科学（理科基地班）、生物技术（哲民实验班）、生态学，不招收色盲、色弱及单色识别不全考生，四年，6600元/年
6115,陕西师范大学,陕西西安市,师范类,211、双一流、师大六姐妹、公办,,教育部,SXSFBPBw07,专业组07,物理组,本科批B段,化学,SXSFBPBw0705,物理学类,0,0,0,0,0,0,2,617,0,617,617,0,0,0,0,0,0,0,0,0,0,0,0,0,,,主校区，包含专业：物理学（师范）、物理学（恒元班）、物理学（创新实验班）、电子信息科学与技术，四年，6600元/年
6115,陕西师范大学,陕西西安市,师范类,211、双一流、师大六姐妹、公办,,教育部,SXSFBPBw07,专业组07,物理组,本科批B段,化学,SXSFBPBw0706,数学类,0,0,0,0,0,0,2,618,0,619,620,0,2,605,0,605.5,606,0,0,0,0,0,0,0,,,主校区，包含专业：数学与应用数学（师范）、数学与应用数学（国俊班）、信息与计算科学、统计学，四年，6600元/年
6115,陕西师范大学,陕西西安市,师范类,211、双一流、师大六姐妹、公办,,教育部,SXSFBPBw08,专业组08,物理组,本科批B段,生物,SXSFBPBw0801,心理学类,0,0,0,0,0,0,2,595,0,608,621,0,0,0,0,0,0,0,2,574,0,575,576,0,,,雁塔校区，包含专业：心理学（泽如拔尖基地班）、应用心理学，不招收色盲、色弱及单色识别不全考生，四年，6600元/年
6115,陕西师范大学,陕西西安市,师范类,211、双一流、师大六姐妹、公办,,教育部,SXSFBPBw10,专业组10,物理组,本科批B段,不限,SXSFBPBw1001,工商管理类,0,0,0,0,0,0,5,508,0,532.2,549,0,3,603,0,603,603,0,0,0,0,0,0,0,国家专项计划,国家专项计划,包含专业：财务管理、人力资源管理，四年，5500元/年
6115,陕西师范大学,陕西西安市,师范类,211、双一流、师大六姐妹、公办,,教育部,SXSFBPBw10,专业组10,物理组,本科批B段,不限,SXSFBPBw1002,经济学类,0,0,0,0,0,0,2,553,0,564,575,0,2,0,0,0,0,0,2,532,0,535,538,0,国家专项计划,国家专项计划,包含专业：经济学、金融学，四年，5500元/年
6115,陕西师范大学,陕西西安市,师范类,211、双一流、师大六姐妹、公办,,教育部,SXSFBPBw10,专业组10,物理组,本科批B段,不限,SXSFBPBw1003,旅游管理,0,0,0,0,0,0,1,513,0,513,513,0,0,0,0,0,0,0,0,0,0,0,0,0,国家专项计划,国家专项计划,四年，5500元/年
6115,陕西师范大学,陕西西安市,师范类,211、双一流、师大六姐妹、公办,,教育部,SXSFBPBw11,专业组11,物理组,本科批B段,化学,SXSFBPBw1101,食品科学与工程类,0,0,0,0,0,0,4,544,0,550.3,557,0,5,0,0,0,0,0,0,0,0,0,0,0,国家专项计划,国家专项计划,包含专业：食品科学与工程、食品营养与健康，不招色盲、单色识别不全者，四年，6600元/年
6115,陕西师范大学,陕西西安市,师范类,211、双一流、师大六姐妹、公办,,教育部,SXSFBPBw11,专业组11,物理组,本科批B段,化学,SXSFBPBw1102,物理学类,0,0,0,0,0,0,1,563,0,563,563,0,1,0,0,0,0,0,1,601,0,601,601,0,国家专项计划,国家专项计划,包含专业：物理学（师范）、物理学（恒元班）、物理学（创新实验班）、电子信息科学与技术，四年，6600元/年
6115,陕西师范大学,陕西西安市,师范类,211、双一流、师大六姐妹、公办,,教育部,SXSFBPBw12,专业组12,物理组,本科批B段,不限,SXSFBPBw1201,少数民族预科班,0,0,0,0,0,0,5,584,0,589,592,0,5,0,0,0,0,0,5,0,0,0,0,0,少数民族预科班,少数民族预科班,一年后转入本科专业（类）及名额详见入校后公布的预科学生升本分专业计划，四年，5500元/年
6115,陕西师范大学,陕西西安市,师范类,211、双一流、师大六姐妹、公办,,教育部,SXSFBPBw13,专业组13,物理组,本科批B段,化学,SXSFBPBw1301,电子信息科学与技术,0,0,0,0,0,0,2,569,0,574,579,0,0,0,0,0,0,0,0,0,0,0,0,0,中外合作办学,中外合作办学,主校区，匈牙利赛格德大学，详见招生简章，四年，65000元/年
6115,陕西师范大学,陕西西安市,师范类,211、双一流、师大六姐妹、公办,,教育部,SXSFBPBw14,专业组14,物理组,本科批B段,化学,SXSFBPBw1401,生物科学（师范类）,0,0,0,0,0,0,1,604,0,604,604,0,1,603,0,603,603,0,1,0,0,0,0,0,非西藏生源定向西藏就业、免学费,非西藏生源定向西藏就业 免学费,主校区，非西藏生源定向西藏就业，只招应届高中毕业生。毕业后充实西藏县级以下基层干部队伍，在西藏工作时间不少于5年。报考本专业的考生须在志愿确认时填写《云南省普通高校招生考生报考定向西藏就业志愿申请书》，并由考生家长或监护人签署意见后，所填报的志愿方为有效志愿，否则视为无效志愿，四年，免学费
6115,陕西师范大学,陕西西安市,师范类,211、双一流、师大六姐妹、公办,,教育部,SXSFBPBw19,专业组19,物理组,本科批B段,地理,SXSFBPBw1901,地理科学类,0,0,0,0,0,0,3,611,0,613.7,617,0,2,604,0,604.5,605,0,0,0,0,0,0,0,,,主校区，包含专业：地理科学（师范）、地理科学（创新实验班）、地理信息科学，不招色盲、单色识别不全者，四年，6600元/年
