院校ID, 院校名称    , 地区      , 类型  , 院校标签  , 行业标签, 所属部委    , 专业组ID , 专业组名称              , 专业组类别, 批次         , 选考科目, 专业ID     , 专业名称                  , 2026计划数, 2026最低分, 2026最低位次, 2026平均分, 2026最高分, 2026最高位次, 2025计划数, 2025最低分, 2025最低位次, 2025平均分, 2025最高分, 2025最高位次, 2024计划数, 2024最低分, 2024最低位次, 2024平均分, 2024最高分, 2024最高位次, 2023计划数, 2023最低分, 2023最低位次, 2023平均分, 2023最高分, 2023最高位次, 专业组标签            , 专业组备注            , 专业备注
  5308, 云南师范大学, 云南昆明市, 师范类, 本科、公办, 教育    , 云南省教育厅, YNSTQAa99, 优师专项物理组化学      , 物理组    , 提前本科批A段, 化学    , YNSTQAa9901, 数学与应用数学（师范类）  ,          0,          0,            0,          0,          0,            0,         44,        595,            0,      607.88,        624,            0,         56*,          0,            0,          0,          0,            0,          0,          0,            0,          0,          0,            0, 优师专项、免学费      , 优师专项、免学费      , 要求考生数学单科成绩达到100分及以上、填报办法、报考条件及定向县招生计划分配等情况，请登录云南省招考频道查阅《云南省2025年优师专项考生须知》
  5308, 云南师范大学, 云南昆明市, 师范类, 本科、公办, 教育    , 云南省教育厅, YNSTQAa99, 优师专项物理组化学      , 物理组    , 提前本科批A段, 化学    , YNSTQAa9902, 生物科学（师范类）        ,          0,          0,            0,          0,          0,            0,         20,        599,            0,      605.30,        616,            0,         14*,          0,            0,          0,          0,            0,          0,          0,            0,          0,          0,            0, 优师专项、免学费      , 优师专项、免学费      , 填报办法、报考条件及定向县招生计划分配等情况，请登录云南省招考频道查阅《云南省2025年优师专项考生须知》
  5308, 云南师范大学, 云南昆明市, 师范类, 本科、公办, 教育    , 云南省教育厅, YNSTQAa99, 优师专项物理组化学      , 物理组    , 提前本科批A段, 化学    , YNSTQAa9903, 化学（师范类）            ,          0,          0,            0,          0,          0,            0,         18,        600,            0,      606.16,        615,            0,         14*,          0,            0,          0,          0,            0,          0,          0,            0,          0,          0,            0, 优师专项、免学费      , 优师专项、免学费      , 填报办法、报考条件及定向县招生计划分配等情况，请登录云南省招考频道查阅《云南省2025年优师专项考生须知》
  5308, 云南师范大学, 云南昆明市, 师范类, 本科、公办, 教育    , 云南省教育厅, YNSTQAa98, 优师专项物理组不限      , 物理组    , 提前本科批A段, 不限    , YNSTQAa9801, 学前教育（师范类）        ,          0,          0,            0,          0,          0,            0,         18,        579,            0,      589.72,        604,            0,         56*,          0,            0,          0,          0,            0,          0,          0,            0,          0,          0,            0, 优师专项、免学费      , 优师专项、免学费      , 填报办法、报考条件及定向县招生计划分配等情况，请登录云南省招考频道查阅《云南省2025年优师专项考生须知》
  5308, 云南师范大学, 云南昆明市, 师范类, 本科、公办, 教育    , 云南省教育厅, YNSTQAa98, 优师专项物理组不限      , 物理组    , 提前本科批A段, 不限    , YNSTQAa9802, 英语（师范类）            ,          0,          0,            0,          0,          0,            0,          8,        596,            0,      609.25,        624,            0,         14*,          0,            0,          0,          0,            0,          0,          0,            0,          0,          0,            0, 优师专项、免学费      , 优师专项、免学费      , 加试外语口试、只招英语语种、须英语口语考试成绩合格、填报办法、报考条件及定向县招生计划分配等情况，请登录云南省招考频道查阅《云南省2025年优师专项考生须知》
  5308, 云南师范大学, 云南昆明市, 师范类, 本科、公办, 教育    , 云南省教育厅, YNSTQAa97, 地方免费师范生物理组化学, 物理组    , 提前本科批A段, 化学    , YNSTQAa9701, 物理学（师范类）          ,          0,          0,            0,          0,          0,            0,         34,        567,            0,      590.70,        618,            0,         43*,          0,            0,          0,          0,            0,         36*,          0,            0,          0,          0,            0, 地方免费师范生、免学费, 地方免费师范生、免学费, 需兼修以下师范类专业之一:汉语言文学、数学与应用数学、英语、化学、生物科学、历史学、地理科学、思想政治教育、音乐学、体育教育、美术学、计算机科学与技术、填报办法、报考条件及定向县招生计划分配等情况，请登录云南省招考频道查阅《云南省2025年免费定向计划考生须知》
  5308, 云南师范大学, 云南昆明市, 师范类, 本科、公办, 教育    , 云南省教育厅, YNSTQAa97, 地方免费师范生物理组化学, 物理组    , 提前本科批A段, 化学    , YNSTQAa9702, 生物科学（师范类）        ,          0,          0,            0,          0,          0,            0,         31,        558,            0,      588.64,        607,            0,         27*,          0,            0,          0,          0,            0,         32*,          0,            0,          0,          0,            0, 地方免费师范生、免学费, 地方免费师范生、免学费, 需兼修以下师范类专业之一:汉语言文学、数学与应用数学、英语、物理学、化学、历史学、地理科学、思想政治教育、音乐学、体育教育、美术学、计算机科学与技术、填报办法、报考条件及定向县招生计划分配等情况，请登录云南省招考频道查阅《云南省2025年免费定向计划考生须知》
  5308, 云南师范大学, 云南昆明市, 师范类, 本科、公办, 教育    , 云南省教育厅, YNSTQAa97, 地方免费师范生物理组化学, 物理组    , 提前本科批A段, 化学    , YNSTQAa9703, 数学与应用数学（师范类）  ,          0,          0,            0,          0,          0,            0,         27,        597,            0,      608.00,        623,            0,         40*,          0,            0,          0,          0,            0,         27*,          0,            0,          0,          0,            0, 地方免费师范生、免学费, 地方免费师范生、免学费, 要求考生数学单科成绩达到100分及以上、需兼修以下师范类专业之一:汉语言文学、英语、物理学、化学、生物科学、历史学、地理科学、思想政治教育、音乐学、体育教育、美术学、计算机科学与技术、填报办法、报考条件及定向县招生计划分配等情况，请登录云南省招考频道查阅《云南省2025年免费定向计划考生须知》
  5308, 云南师范大学, 云南昆明市, 师范类, 本科、公办, 教育    , 云南省教育厅, YNSTQAa97, 地方免费师范生物理组化学, 物理组    , 提前本科批A段, 化学    , YNSTQAa9704, 化学（师范类）            ,          0,          0,            0,          0,          0,            0,         25,        573,            0,      593.72,        610,            0,         24*,          0,            0,          0,          0,            0,         22*,          0,            0,          0,          0,            0, 地方免费师范生、免学费, 地方免费师范生、免学费, 需兼修以下师范类专业之一:汉语言文学、数学与应用数学、英语、物理学、生物科学、历史学、地理科学、思想政治教育、音乐学、体育教育、美术学、计算机科学与技术、填报办法、报考条件及定向县招生计划分配等情况，请登录云南省招考频道查阅《云南省2025年免费定向计划考生须知》
  5308, 云南师范大学, 云南昆明市, 师范类, 本科、公办, 教育    , 云南省教育厅, YNSTQAa97, 地方免费师范生物理组化学, 物理组    , 提前本科批A段, 化学    , YNSTQAa9705, 计算机科学与技术（师范类）,          0,          0,            0,          0,          0,            0,         10,        471,            0,      566.20,        622,            0,          6*,          0,            0,          0,          0,            0,         10*,          0,            0,          0,          0,            0, 地方免费师范生、免学费, 地方免费师范生、免学费, 需兼修以下师范类专业之一:汉语言文学、数学与应用数学、英语、物理学、化学、生物科学、历史学、地理科学、思想政治教育、音乐学、体育教育、美术学、填报办法、报考条件及定向县招生计划分配等情况，请登录云南省招考频道查阅《云南省2025年免费定向计划考生须知》
  5308, 云南师范大学, 云南昆明市, 师范类, 本科、公办, 教育    , 云南省教育厅, YNSTQAa95, 地方免费师范生物理组地理, 物理组    , 提前本科批A段, 地理    , YNSTQAa9501, 地理科学（师范类）        ,          0,          0,            0,          0,          0,            0,         14,        540,            0,      580.85,        611,            0,         18*,          0,            0,          0,          0,            0,         13*,          0,            0,          0,          0,            0, 地方免费师范生、免学费, 地方免费师范生、免学费, 需兼修以下师范类专业之一:汉语言文学、数学与应用数学、英语、物理学、化学、生物科学、历史学、思想政治教育、音乐学、体育教育、美术学、计算机科学与技术、填报办法、报考条件及定向县招生计划分配等情况，请登录云南省招考频道查阅《云南省2025年免费定向计划考生须知》
  5308, 云南师范大学, 云南昆明市, 师范类, 本科、公办, 教育    , 云南省教育厅, YNSPBa01 , 专业组01                , 物理组    , 本科批B段    , 不限    , YNSPBa0101 , 法学                      ,          0,          0,            0,          0,          0,            0,        100,        544,            0,      557.62,        577,            0,          0,      554*,      22902*,          0,          0,            0,         39*,      532*,      24737*,          0,          0,            0,                       ,                       , 呈贡主校区，四年，4500元/年
  5308, 云南师范大学, 云南昆明市, 师范类, 本科、公办, 教育    , 云南省教育厅, YNSPBa01 , 专业组01                , 物理组    , 本科批B段    , 不限    , YNSPBa0102 , 金融学                    ,          0,          0,            0,          0,          0,            0,         97,        490,            0,      509.98,        556,            0,         68*,      520*,      39054*,          0,          0,            0,         43*,      503*,      38097*,          0,          0,            0,                       ,                       , 二·一西南联大校区，四年，4500元/年
  5308, 云南师范大学, 云南昆明市, 师范类, 本科、公办, 教育    , 云南省教育厅, YNSPBa01 , 专业组01                , 物理组    , 本科批B段    , 不限    , YNSPBa0103 , 英语                      ,          0,          0,            0,          0,          0,            0,         96,        537,            0,      558.05,        618,            0,         69*,      547*,      25917*,          0,          0,            0,        109*,      527*,      26835*,          0,          0,            0,                       ,                       , 含师范、非师范，加试外语口试，只招英语语种，英语口语考试成绩合格，呈贡主校区，四年，4200元/年
  5308, 云南师范大学, 云南昆明市, 师范类, 本科、公办, 教育    , 云南省教育厅, YNSPBa01 , 专业组01                , 物理组    , 本科批B段    , 不限    , YNSPBa0104 , 应用心理学                ,          0,          0,            0,          0,          0,            0,         88,        490,            0,      509.04,        551,            0,         71*,      522*,      38020*,          0,          0,            0,         59*,      507*,      36030*,          0,          0,            0,                       ,                       , 呈贡主校区，四年，5000元/年
  5308, 云南师范大学, 云南昆明市, 师范类, 本科、公办, 教育    , 云南省教育厅, YNSPBa01 , 专业组01                , 物理组    , 本科批B段    , 不限    , YNSPBa0105 , 工商管理类                ,          0,          0,            0,          0,          0,            0,         64,        506,            0,      531.15,        558,            0,         71*,      524*,      36994*,          0,          0,            0,         71*,      508*,      35528*,          0,          0,            0,                       ,                       , 包含专业：会计学、审计学，一二·一西南联大校区，四年，4500元/年
  5308, 云南师范大学, 云南昆明市, 师范类, 本科、公办, 教育    , 云南省教育厅, YNSPBa01 , 专业组01                , 物理组    , 本科批B段    , 不限    , YNSPBa0106 , 学前教育（师范类）        ,          0,          0,            0,          0,          0,            0,         58,        491,            0,      509.22,        548,            0,         19*,      531*,      33357*,          0,          0,            0,         45*,      509*,      35046*,          0,          0,            0,                       ,                       , 呈贡主校区，四年，4200元/年
  5308, 云南师范大学, 云南昆明市, 师范类, 本科、公办, 教育    , 云南省教育厅, YNSPBa01 , 专业组01                , 物理组    , 本科批B段    , 不限    , YNSPBa0107 , 小学教育（师范类）        ,          0,          0,            0,          0,          0,            0,         53,        531,            0,      543.02,        567,            0,         80*,          0,            0,          0,          0,            0,         93*,      512*,      33598*,          0,          0,            0,                       ,                       , 呈贡主校区，四年，4200元/年
  5308, 云南师范大学, 云南昆明市, 师范类, 本科、公办, 教育    , 云南省教育厅, YNSPBa01 , 专业组01                , 物理组    , 本科批B段    , 不限    , YNSPBa0108 , 数字经济                  ,          0,          0,            0,          0,          0,            0,         45,        490,            0,      518.35,        551,            0,         25*,      526*,      35957*,          0,          0,            0,         25*,      503*,      38097*,          0,          0,            0,                       ,                       , 一二·一西南联大校区，四年，4500元/年
  5308, 云南师范大学, 云南昆明市, 师范类, 本科、公办, 教育    , 云南省教育厅, YNSPBa01 , 专业组01                , 物理组    , 本科批B段    , 不限    , YNSPBa0109 , 旅游管理                  ,          0,          0,            0,          0,          0,            0,         44,        490,            0,      500.09,        543,            0,         19*,      523*,      37518*,          0,          0,            0,         29*,      504*,      37615*,          0,          0,            0,                       ,                       , 一二·一西南联大校区，四年，4500元/年
  5308, 云南师范大学, 云南昆明市, 师范类, 本科、公办, 教育    , 云南省教育厅, YNSPBa01 , 专业组01                , 物理组    , 本科批B段    , 不限    , YNSPBa0110 , 行政管理                  ,          0,          0,            0,          0,          0,            0,         38,        501,            0,      515.52,        541,            0,         21*,      521*,      38526*,          0,          0,            0,         18*,      503*,      38097*,          0,          0,            0,                       ,                       , 一二·一西南联大校区，四年，4500元/年
  5308, 云南师范大学, 云南昆明市, 师范类, 本科、公办, 教育    , 云南省教育厅, YNSPBa01 , 专业组01                , 物理组    , 本科批B段    , 不限    , YNSPBa0111 , 教育技术学（师范类）      ,          0,          0,            0,          0,          0,            0,         30,        501,            0,      519.53,        542,            0,         28*,      526*,      35957*,          0,          0,            0,         26*,      505*,      37098*,          0,          0,            0,                       ,                       , 呈贡主校区，四年，5000元/年
  5308, 云南师范大学, 云南昆明市, 师范类, 本科、公办, 教育    , 云南省教育厅, YNSPBa01 , 专业组01                , 物理组    , 本科批B段    , 不限    , YNSPBa0112 , 经济学                    ,          0,          0,            0,          0,          0,            0,         30,        501,            0,      528.03,        563,            0,         25*,      527*,      35436*,          0,          0,            0,         25*,      503*,      38097*,          0,          0,            0,                       ,                       , 西南联大校区，四年，4500元/年
  5308, 云南师范大学, 云南昆明市, 师范类, 本科、公办, 教育    , 云南省教育厅, YNSPBa01 , 专业组01                , 物理组    , 本科批B段    , 不限    , YNSPBa0113 , 财政学                    ,          0,          0,            0,          0,          0,            0,         30,        510,            0,      529.36,        564,            0,         25*,      532*,      32868*,          0,          0,            0,         24*,      517*,      31327*,          0,          0,            0,                       ,                       , 一二·一西南联大校区，四年，4500元/年
  5308, 云南师范大学, 云南昆明市, 师范类, 本科、公办, 教育    , 云南省教育厅, YNSPBa01 , 专业组01                , 物理组    , 本科批B段    , 不限    , YNSPBa0114 , 汉语国际教育（师范类）    ,          0,          0,            0,          0,          0,            0,         30,        527,            0,      540.43,        568,            0,          0,          0,            0,          0,          0,            0,          0,          0,            0,          0,          0,            0,                       ,                       , 呈贡主校区，四年，4200元/年
  5308, 云南师范大学, 云南昆明市, 师范类, 本科、公办, 教育    , 云南省教育厅, YNSPBa01 , 专业组01                , 物理组    , 本科批B段    , 不限    , YNSPBa0115 , 新闻学                    ,          0,          0,            0,          0,          0,            0,         26,        491,            0,      523.08,        551,            0,         39*,      521*,      38526*,          0,          0,            0,         39*,      493*,      43506*,          0,          0,            0,                       ,                       , 呈贡主校区，四年，4200元/年
  5308, 云南师范大学, 云南昆明市, 师范类, 本科、公办, 教育    , 云南省教育厅, YNSPBa01 , 专业组01                , 物理组    , 本科批B段    , 不限    , YNSPBa0116 , 泰语                      ,          0,          0,            0,          0,          0,            0,         25,        474,            0,      501.32,        548,            0,         25*,      521*,      38526*,          0,          0,            0,         29*,      503*,      38097*,          0,          0,            0,                       ,                       , 呈贡主校区，四年，4200元/年
  5308, 云南师范大学, 云南昆明市, 师范类, 本科、公办, 教育    , 云南省教育厅, YNSPBa01 , 专业组01                , 物理组    , 本科批B段    , 不限    , YNSPBa0117 , 纪检监察                  ,          0,          0,            0,          0,          0,            0,         30,        545,            0,      552.00,        563,            0,         23*,      542*,      28090*,          0,          0,            0,         20*,      529*,      25973*,          0,          0,            0,                       ,                       , 呈贡主校区，四年，4500元/年
  5308, 云南师范大学, 云南昆明市, 师范类, 本科、公办, 教育    , 云南省教育厅, YNSPBa01 , 专业组01                , 物理组    , 本科批B段    , 不限    , YNSPBa0118 , 越南语                    ,          0,          0,            0,          0,          0,            0,         23,        497,            0,      530.61,        574,            0,         25*,      520*,      39054*,          0,          0,            0,         21*,      505*,      37098*,          0,          0,            0,                       ,                       , 呈贡主校区，四年，4200元/年
  5308, 云南师范大学, 云南昆明市, 师范类, 本科、公办, 教育    , 云南省教育厅, YNSPBa01 , 专业组01                , 物理组    , 本科批B段    , 不限    , YNSPBa0119 , 教育学（师范类）          ,          0,          0,            0,          0,          0,            0,         22,        541,            0,      550.41,        580,            0,         22*,      538*,      29950*,          0,          0,            0,         19*,      526*,      27257*,          0,          0,            0,                       ,                       , 呈贡主校区，四年，4200元/年
  5308, 云南师范大学, 云南昆明市, 师范类, 本科、公办, 教育    , 云南省教育厅, YNSPBa01 , 专业组01                , 物理组    , 本科批B段    , 不限    , YNSPBa0120 , 广播电视学                ,          0,          0,            0,          0,          0,            0,         18,        502,            0,      512.00,        538,            0,         20*,      520*,      39054*,          0,          0,            0,         20*,      493*,      43506*,          0,          0,            0,                       ,                       , 呈贡主校区，四年，4200元/年
  5308, 云南师范大学, 云南昆明市, 师范类, 本科、公办, 教育    , 云南省教育厅, YNSPBa01 , 专业组01                , 物理组    , 本科批B段    , 不限    , YNSPBa0121 , 特殊教育（师范类）        ,          0,          0,            0,          0,          0,            0,         17,        500,            0,      528.82,        554,            0,         17*,      524*,      36994*,          0,          0,            0,         17*,      503*,      38097*,          0,          0,            0,                       ,                       , 呈贡主校区，四年，4200元/年
  5308, 云南师范大学, 云南昆明市, 师范类, 本科、公办, 教育    , 云南省教育厅, YNSPBa01 , 专业组01                , 物理组    , 本科批B段    , 不限    , YNSPBa0122 , 缅甸语                    ,          0,          0,            0,          0,          0,            0,         15,        492,            0,      507.13,        525,            0,         13*,          0,            0,          0,          0,            0,         13*,      462*,      61956*,          0,          0,            0,                       ,                       , 呈贡主校区，四年，4200元/年
  5308, 云南师范大学, 云南昆明市, 师范类, 本科、公办, 教育    , 云南省教育厅, YNSPBa01 , 专业组01                , 物理组    , 本科批B段    , 不限    , YNSPBa0123 , 日语                      ,          0,          0,            0,          0,          0,            0,         15,        499,            0,      517.46,        541,            0,         15*,      524*,      36994*,          0,          0,            0,         14*,      504*,      37615*,          0,          0,            0,                       ,                       , 呈贡主校区，四年，4200元/年
  5308, 云南师范大学, 云南昆明市, 师范类, 本科、公办, 教育    , 云南省教育厅, YNSPBa01 , 专业组01                , 物理组    , 本科批B段    , 不限    , YNSPBa0124 , 社会学                    ,          0,          0,            0,          0,          0,            0,         13,        510,            0,      521.31,        552,            0,         10*,      520*,      39054*,          0,          0,            0,         10*,      511*,      34104*,          0,          0,            0,                       ,                       , 呈贡主校区，四年，5100元/年
  5308, 云南师范大学, 云南昆明市, 师范类, 本科、公办, 教育    , 云南省教育厅, YNSPBa01 , 专业组01                , 物理组    , 本科批B段    , 不限    , YNSPBa0125 , 社会工作                  ,          0,          0,            0,          0,          0,            0,         13,        509,            0,      518.00,        531,            0,         10*,      523*,      37518*,          0,          0,            0,         10*,      508*,      35528*,          0,          0,            0,                       ,                       , 呈贡主校区，四年，4500元/年
  5308, 云南师范大学, 云南昆明市, 师范类, 本科、公办, 教育    , 云南省教育厅, YNSPBa01 , 专业组01                , 物理组    , 本科批B段    , 不限    , YNSPBa0126 , 老挝语                    ,          0,          0,            0,          0,          0,            0,         10,        489,            0,      501.70,        518,            0,         28*,          0,            0,          0,          0,            0,         28*,      427*,      86408*,          0,          0,            0,                       ,                       , 呈贡主校区，四年，4200元/年
  5308, 云南师范大学, 云南昆明市, 师范类, 本科、公办, 教育    , 云南省教育厅, YNSPBa01 , 专业组01                , 物理组    , 本科批B段    , 不限    , YNSPBa0127 , 柬埔寨语                  ,          0,          0,            0,          0,          0,            0,         10,        493,            0,      495.40,        509,            0,         13*,          0,            0,          0,          0,            0,         13*,      429*,      84994*,          0,          0,            0,                       ,                       , 呈贡主校区，四年，4200元/年
  5308, 云南师范大学, 云南昆明市, 师范类, 本科、公办, 教育    , 云南省教育厅, YNSPBa01 , 专业组01                , 物理组    , 本科批B段    , 不限    , YNSPBa0128 , 西班牙语                  ,          0,          0,            0,          0,          0,            0,         10,        474,            0,      498.30,        550,            0,         10*,      525*,      36476*,          0,          0,            0,         14*,      506*,      36559*,          0,          0,            0,                       ,                       , 呈贡主校区，四年，4200元/年
  5308, 云南师范大学, 云南昆明市, 师范类, 本科、公办, 教育    , 云南省教育厅, YNSPBa01 , 专业组01                , 物理组    , 本科批B段    , 不限    , YNSPBa0129 , 阿拉伯语                  ,          0,          0,            0,          0,          0,            0,         10,        497,            0,      515.70,        546,            0,         10*,      531*,      33357*,          0,          0,            0,         12*,      503*,      38097*,          0,          0,            0,                       ,                       , 呈贡主校区，四年，4200元/年
  5308, 云南师范大学, 云南昆明市, 师范类, 本科、公办, 教育    , 云南省教育厅, YNSPBa01 , 专业组01                , 物理组    , 本科批B段    , 不限    , YNSPBa0130 , 哲学                      ,          0,          0,            0,          0,          0,            0,         10,        504,            0,      520.60,        543,            0,         10*,      524*,      36994*,          0,          0,            0,          9*,      507*,      36030*,          0,          0,            0,                       ,                       , 呈贡主校区，四年，4200元/年
  5308, 云南师范大学, 云南昆明市, 师范类, 本科、公办, 教育    , 云南省教育厅, YNSPBa01 , 专业组01                , 物理组    , 本科批B段    , 不限    , YNSPBa0131 , 文物与博物馆学            ,          0,          0,            0,          0,          0,            0,          8,        507,            0,      518.25,        527,            0,          0,          0,            0,          0,          0,            0,          0,          0,            0,          0,          0,            0,                       ,                       , 呈贡主校区，四年，4200元/年
  5308, 云南师范大学, 云南昆明市, 师范类, 本科、公办, 教育    , 云南省教育厅, YNSPBa02 , 专业组02                , 物理组    , 本科批B段    , 不限    , YNSPBa0201 , 广播电视编导              ,          0,          0,            0,          0,          0,            0,         41,        477,            0,      486.90,        516,            0,         20*,     420*,     104989*,          0,          0,            0,          0,          0,            0,          0,          0,            0,                       ,                       , 呈贡主校区；该专业毕业后授予艺术学学士学位，四年，10000元/年
  5308, 云南师范大学, 云南昆明市, 师范类, 本科、公办, 教育    , 云南省教育厅, YNSPBa03 , 专业组03                , 物理组    , 本科批B段    , 地理    , YNSPBa0301 , 地理科学（师范类）        ,          0,          0,            0,          0,          0,            0,         21,        566,            0,      571.57,        602,            0,         38*,      539*,      29517*,          0,          0,            0,         43*,      524*,      28174*,          0,          0,            0,                       ,                       , 呈贡主校区，四年，5700元/年
  5308, 云南师范大学, 云南昆明市, 师范类, 本科、公办, 教育    , 云南省教育厅, YNSPBa03 , 专业组03                , 物理组    , 本科批B段    , 地理    , YNSPBa0302 , 自然地理与资源环境        ,          0,          0,            0,          0,          0,            0,         19,        554,            0,      557.94,        561,            0,         51*,      520*,      39054*,          0,          0,            0,         56*,      489*,      45746*,          0,          0,            0,                       ,                       , 呈贡主校区，四年，5700元/年
  5308, 云南师范大学, 云南昆明市, 师范类, 本科、公办, 教育    , 云南省教育厅, YNSPBa03 , 专业组03                , 物理组    , 本科批B段    , 地理    , YNSPBa0303 , 地理信息科学              ,          0,          0,            0,          0,          0,            0,         19,        560,            0,      564.94,        580,            0,         79*,      520*,      39054*,          0,          0,            0,         67*,      490*,      45178*,          0,          0,            0,                       ,                       , 呈贡主校区，四年，5700元/年
  5308, 云南师范大学, 云南昆明市, 师范类, 本科、公办, 教育    , 云南省教育厅, YNSPBa03 , 专业组03                , 物理组    , 本科批B段    , 地理    , YNSPBa0304 , 人文地理与城乡规划        ,          0,          0,            0,          0,          0,            0,         10,        543,            0,      554.50,        559,            0,         39*,      521*,      38526*,          0,          0,            0,         23*,      503*,      38097*,          0,          0,            0,                       ,                       , 呈贡主校区，四年，5000元/年
  5308, 云南师范大学, 云南昆明市, 师范类, 本科、公办, 教育    , 云南省教育厅, YNSPBa04 , 专业组04                , 物理组    , 本科批B段    , 化学    , YNSPBa0401 , 数学与应用数学（师范类）  ,          0,          0,            0,          0,          0,            0,        181,        558,            0,      570.69,        596,            0,        137*,      559*,      20863*,          0,          0,            0,        146*,      539*,      22018*,          0,          0,            0,                       ,                       , 呈贡主校区；要求考生数学单科成绩达到100分及以上，四年，5000元/年
  5308, 云南师范大学, 云南昆明市, 师范类, 本科、公办, 教育    , 云南省教育厅, YNSPBa04 , 专业组04                , 物理组    , 本科批B段    , 化学    , YNSPBa0402 , 物理学（师范类）          ,          0,          0,            0,          0,          0,            0,        155,        527,            0,      546.83,        580,            0,        134*,      545*,      26759*,          0,          0,            0,        147*,      526*,      27257*,          0,          0,            0,                       ,                       , 呈贡主校区，四年，5000元/年
  5308, 云南师范大学, 云南昆明市, 师范类, 本科、公办, 教育    , 云南省教育厅, YNSPBa04 , 专业组04                , 物理组    , 本科批B段    , 化学    , YNSPBa0403 , 生物科学（师范类）        ,          0,          0,            0,          0,          0,            0,        134,        532,            0,      546.15,        585,            0,        122*,      541*,      28554*,          0,          0,            0,         98*,      534*,      23923*,          0,          0,            0,                       ,                       , 呈贡主校区，四年，5700元/年
  5308, 云南师范大学, 云南昆明市, 师范类, 本科、公办, 教育    , 云南省教育厅, YNSPBa04 , 专业组04                , 物理组    , 本科批B段    , 化学    , YNSPBa0404 , 化学（师范类）            ,          0,          0,            0,          0,          0,            0,        122,        543,            0,      555.24,        594,            0,        153*,      541*,      28554*,          0,          0,            0,        139*,      525*,      27716*,          0,          0,            0,                       ,                       , 呈贡主校区，四年，5000元/年
  5308, 云南师范大学, 云南昆明市, 师范类, 本科、公办, 教育    , 云南省教育厅, YNSPBa04 , 专业组04                , 物理组    , 本科批B段    , 化学    , YNSPBa0405 , 新能源科学与工程          ,          0,          0,            0,          0,          0,            0,        102,        530,            0,      539.93,        559,            0,        117*,      527*,      35436*,          0,          0,            0,         92*,      506*,      36559*,          0,          0,            0,                       ,                       , 呈贡主校区，四年，5700元/年
  5308, 云南师范大学, 云南昆明市, 师范类, 本科、公办, 教育    , 云南省教育厅, YNSPBa04 , 专业组04                , 物理组    , 本科批B段    , 化学    , YNSPBa0406 , 新能源材料与器件          ,          0,          0,            0,          0,          0,            0,         96,        525,            0,      533.21,        561,            0,         83*,      523*,      37518*,          0,          0,            0,         79*,      503*,      38097*,          0,          0,            0,                       ,                       , 呈贡主校区，四年，5000元/年
  5308, 云南师范大学, 云南昆明市, 师范类, 本科、公办, 教育    , 云南省教育厅, YNSPBa04 , 专业组04                , 物理组    , 本科批B段    , 化学    , YNSPBa0407 , 计算机科学与技术          ,          0,          0,            0,          0,          0,            0,         84,        552,            0,      560.53,        581,            0,         80*,      544*,      27168*,          0,          0,            0,         94*,      525*,      27716*,          0,          0,            0,                       ,                       , 呈贡主校区，四年，5000元/年
  5308, 云南师范大学, 云南昆明市, 师范类, 本科、公办, 教育    , 云南省教育厅, YNSPBa04 , 专业组04                , 物理组    , 本科批B段    , 化学    , YNSPBa0408 , 农业建筑环境与能源工程    ,          0,          0,            0,          0,          0,            0,         70,        525,            0,      527.50,        537,            0,         69*,      520*,      39054*,          0,          0,            0,         57*,      490*,      45178*,          0,          0,            0,                       ,                       , 呈贡主校区，四年，5700元/年
  5308, 云南师范大学, 云南昆明市, 师范类, 本科、公办, 教育    , 云南省教育厅, YNSPBa04 , 专业组04                , 物理组    , 本科批B段    , 化学    , YNSPBa0409 , 制药工程                  ,          0,          0,            0,          0,          0,            0,         71,        525,            0,      531.69,        566,            0,         51*,      522*,      38020*,          0,          0,            0,         49*,      507*,      36030*,          0,          0,            0,                       ,                       , 呈贡主校区，四年，5000元/年
  5308, 云南师范大学, 云南昆明市, 师范类, 本科、公办, 教育    , 云南省教育厅, YNSPBa04 , 专业组04                , 物理组    , 本科批B段    , 化学    , YNSPBa0410 , 空间信息与数字技术        ,          0,          0,            0,          0,          0,            0,         58,        529,            0,      539.72,        586,            0,         76*,      523*,      37518*,          0,          0,            0,         86*,      505*,      37098*,          0,          0,            0,                       ,                       , 呈贡主校区，四年，5000元/年
  5308, 云南师范大学, 云南昆明市, 师范类, 本科、公办, 教育    , 云南省教育厅, YNSPBa04 , 专业组04                , 物理组    , 本科批B段    , 化学    , YNSPBa0411 , 生物技术                  ,          0,          0,            0,          0,          0,            0,         51,        525,            0,      533.47,        558,            0,         51*,      527*,      35436*,          0,          0,            0,         56*,      510*,      34587*,          0,          0,            0,                       ,                       , 呈贡主校区，四年，5700元/年
  5308, 云南师范大学, 云南昆明市, 师范类, 本科、公办, 教育    , 云南省教育厅, YNSPBa04 , 专业组04                , 物理组    , 本科批B段    , 化学    , YNSPBa0412 , 应用化学                  ,          0,          0,            0,          0,          0,            0,         51,        528,            0,      535.19,        555,            0,        116*,          0,            0,          0,          0,            0,        116*,          0,            0,          0,          0,            0,                       ,                       , 呈贡主校区，四年，5000元/年
  5308, 云南师范大学, 云南昆明市, 师范类, 本科、公办, 教育    , 云南省教育厅, YNSPBa04 , 专业组04                , 物理组    , 本科批B段    , 化学    , YNSPBa0413 , 网络空间安全              ,          0,          0,            0,          0,          0,            0,         49,        531,            0,      541.94,        570,            0,         44*,      527*,      35436*,          0,          0,            0,          0,          0,            0,          0,          0,            0,                       ,                       , 呈贡主校区，四年，5000元/年
  5308, 云南师范大学, 云南昆明市, 师范类, 本科、公办, 教育    , 云南省教育厅, YNSPBa04 , 专业组04                , 物理组    , 本科批B段    , 化学    , YNSPBa0414 , 数据科学与大数据技术      ,          0,          0,            0,          0,          0,            0,         49,        544,            0,      548.92,        576,            0,         46*,      535*,      31408*,          0,          0,            0,         48*,      516*,      31761*,          0,          0,            0,                       ,                       , 呈贡主校区，四年，5700元/年
  5308, 云南师范大学, 云南昆明市, 师范类, 本科、公办, 教育    , 云南省教育厅, YNSPBa04 , 专业组04                , 物理组    , 本科批B段    , 化学    , YNSPBa0415 , 人工智能                  ,          0,          0,            0,          0,          0,            0,         49,        538,            0,      545.61,        564,            0,         46*,      531*,      33357*,          0,          0,            0,         47*,      509*,      35046*,          0,          0,            0,                       ,                       , 呈贡主校区，四年，5000元/年
  5308, 云南师范大学, 云南昆明市, 师范类, 本科、公办, 教育    , 云南省教育厅, YNSPBa04 , 专业组04                , 物理组    , 本科批B段    , 化学    , YNSPBa0416 , 统计学                    ,          0,          0,            0,          0,          0,            0,         33,        535,            0,      545.21,        559,            0,         43*,      533*,      32372*,          0,          0,            0,         43*,      502*,      38632*,          0,          0,            0,                       ,                       , 呈贡主校区，四年，5000元/年
  5308, 云南师范大学, 云南昆明市, 师范类, 本科、公办, 教育    , 云南省教育厅, YNSPBa04 , 专业组04                , 物理组    , 本科批B段    , 化学    , YNSPBa0417 , 电子信息科学与技术        ,          0,          0,            0,          0,          0,            0,         31,        546,            0,      551.09,        579,            0,         46*,      534*,      31889*,          0,          0,            0,         45*,      514*,      32663*,          0,          0,            0,                       ,                       , 呈贡主校区，四年，5000元/年
  5308, 云南师范大学, 云南昆明市, 师范类, 本科、公办, 教育    , 云南省教育厅, YNSPBa04 , 专业组04                , 物理组    , 本科批B段    , 化学    , YNSPBa0418 , 通信工程                  ,          0,          0,            0,          0,          0,            0,         30,        548,            0,      551.03,        573,            0,         38*,      535*,      31408*,          0,          0,            0,         33*,      517*,      31327*,          0,          0,            0,                       ,                       , 呈贡主校区，四年，5000元/年
  5308, 云南师范大学, 云南昆明市, 师范类, 本科、公办, 教育    , 云南省教育厅, YNSPBa04 , 专业组04                , 物理组    , 本科批B段    , 化学    , YNSPBa0419 , 光电信息科学与工程        ,          0,          0,            0,          0,          0,            0,         30,        540,            0,      545.43,        555,            0,         30*,      531*,      33357*,          0,          0,            0,         30*,      514*,      32663*,          0,          0,            0,                       ,                       , 呈贡主校区，四年，5000元/年
  5308, 云南师范大学, 云南昆明市, 师范类, 本科、公办, 教育    , 云南省教育厅, YNSPBa04 , 专业组04                , 物理组    , 本科批B段    , 化学    , YNSPBa0420 , 计算机科学与技术（师范类）,          0,          0,            0,          0,          0,            0,         27,        554,            0,      564.40,        595,            0,         32*,          0,            0,          0,          0,            0,         26*,      532*,      24737*,          0,          0,            0,                       ,                       , 呈贡主校区，四年，5000元/年
  5308, 云南师范大学, 云南昆明市, 师范类, 本科、公办, 教育    , 云南省教育厅, YNSPBa05 , 专业组05                , 物理组    , 本科批B段    , 化学    , YNSPBa0501 , 数学与应用数学（师范类）  ,          0,          0,            0,          0,          0,            0,         50,        558,            0,      570.80,        602,            0,         40*,      562*,      19735*,          0,          0,            0,          0,          0,            0,          0,          0,            0, 国家专项计划          , 国家专项计划, 呈贡主校区；国家专项计划，要求考生数学单科成绩达到100分及以上，四年，5000元/年
  5308, 云南师范大学, 云南昆明市, 师范类, 本科、公办, 教育    , 云南省教育厅, YNSPBa05 , 专业组05                , 物理组    , 本科批B段    , 化学    , YNSPBa0502 , 统计学                    ,          0,          0,            0,          0,          0,            0,         10,        554,            0,      557.30,        568,            0,          0,          0,            0,          0,          0,            0,          0,          0,            0,          0,          0,            0, 国家专项计划          , 国家专项计划, 呈贡主校区；国家专项计划，要求考生数学单科成绩达到100分及以上，四年，5000元/年
  5308, 云南师范大学, 云南昆明市, 师范类, 本科、公办, 教育    , 云南省教育厅, YNSPBa06 , 专业组06                , 物理组    , 本科批B段    , 化学    , YNSPBa0601 , 物理学（师范类）          ,          0,          0,            0,          0,          0,            0,         30,        540,            0,      556.36,        579,            0,         30*,      554*,      22902*,          0,          0,            0,          0,          0,            0,          0,          0,            0, 国家专项计划          , 国家专项计划, 呈贡主校区；国家专项计划，四年，5000元/年
  5308, 云南师范大学, 云南昆明市, 师范类, 本科、公办, 教育    , 云南省教育厅, YNSPBa06 , 专业组06                , 物理组    , 本科批B段    , 化学    , YNSPBa0602 , 生物科学（师范类）        ,          0,          0,            0,          0,          0,            0,         30,        535,            0,      543.03,        580,            0,         40*,      553*,      23305*,          0,          0,            0,          0,          0,            0,          0,          0,            0, 国家专项计划          , 国家专项计划, 呈贡主校区；国家专项计划，四年，5700元/年
  5308, 云南师范大学, 云南昆明市, 师范类, 本科、公办, 教育    , 云南省教育厅, YNSPBa06 , 专业组06                , 物理组    , 本科批B段    , 化学    , YNSPBa0603 , 化学（师范类）            ,          0,          0,            0,          0,          0,            0,         30,        539,            0,      551.13,        585,            0,         30*,      554*,      22902*,          0,          0,            0,          0,          0,            0,          0,          0,            0, 国家专项计划          , 国家专项计划, 呈贡主校区；国家专项计划，四年，5000元/年
  5308, 云南师范大学, 云南昆明市, 师范类, 本科、公办, 教育    , 云南省教育厅, YNSPBa06 , 专业组06                , 物理组    , 本科批B段    , 化学    , YNSPBa0604 , 电子信息科学与技术        ,          0,          0,            0,          0,          0,            0,         20,        538,            0,      541.90,        551,            0,          0,          0,            0,          0,          0,            0,          0,          0,            0,          0,          0,            0, 国家专项计划          , 国家专项计划, 呈贡主校区；国家专项计划，四年，5000元/年
  5308, 云南师范大学, 云南昆明市, 师范类, 本科、公办, 教育    , 云南省教育厅, YNSPBa06 , 专业组06                , 物理组    , 本科批B段    , 化学    , YNSPBa0605 , 空间信息与数字技术        ,          0,          0,            0,          0,          0,            0,         20,        535,            0,      542.35,        569,            0,          0,          0,            0,          0,          0,            0,          0,          0,            0,          0,          0,            0, 国家专项计划          , 国家专项计划, 呈贡主校区；国家专项计划，四年，5000元/年
  5308, 云南师范大学, 云南昆明市, 师范类, 本科、公办, 教育    , 云南省教育厅, YNSPBa06 , 专业组06                , 物理组    , 本科批B段    , 化学    , YNSPBa0606 , 计算机科学与技术          ,          0,          0,            0,          0,          0,            0,         10,        552,            0,      558.50,        565,            0,         10*,      553*,      23305*,          0,          0,            0,          0,          0,            0,          0,          0,            0, 国家专项计划          , 国家专项计划, 呈贡主校区；国家专项计划，四年，5000元/年
  5308, 云南师范大学, 云南昆明市, 师范类, 本科、公办, 教育    , 云南省教育厅, YNSPBa06 , 专业组06                , 物理组    , 本科批B段    , 化学    , YNSPBa0607 , 英语                      ,          0,          0,            0,          0,          0,            0,          0,          0,            0,          0,          0,            0,         30*,      554*,      22902*,          0,          0,            0,          0,          0,            0,          0,          0,            0, 国家专项计划          , 国家专项计划, 呈贡主校区；国家专项计划，含师范、非师范，加试外语口试，须外语口试合格，四年，3400元/年
  5308, 云南师范大学, 云南昆明市, 师范类, 本科、公办, 教育    , 云南省教育厅, YNSPBa06 , 专业组06                , 物理组    , 本科批B段    , 化学    , YNSPBa0608 , 小学教育（师范类）        ,          0,          0,            0,          0,          0,            0,          0,          0,            0,          0,          0,            0,         20*,      534*,      31889*,          0,          0,            0,          0,          0,            0,          0,          0,            0, 国家专项计划          , 国家专项计划, 一二·一西南联大校区；国家专项计划，四年，3400元/年
  5308, 云南师范大学, 云南昆明市, 师范类, 本科、公办, 教育    , 云南省教育厅, YNSPBa07 , 专业组07                , 物理组    , 本科批B段    , 化学    , YNSPBa0701 , 物理学（师范类）          ,          0,          0,            0,          0,          0,            0,         20,        538,            0,      548.35,        576,            0,         20*,      552*,      23724*,          0,          0,            0,          0,          0,            0,          0,          0,            0, 地方专项计划          , 地方专项计划, 呈贡主校区；地方专项计划，四年，5000元/年
  5308, 云南师范大学, 云南昆明市, 师范类, 本科、公办, 教育    , 云南省教育厅, YNSPBa07 , 专业组07                , 物理组    , 本科批B段    , 化学    , YNSPBa0702 , 生物科学（师范类）        ,          0,          0,            0,          0,          0,            0,         20,        539,            0,      547.80,        563,            0,         10*,      552*,      23724*,          0,          0,            0,          0,          0,            0,          0,          0,            0, 地方专项计划          , 地方专项计划, 呈贡主校区；地方专项计划，四年，5700元/年
  5308, 云南师范大学, 云南昆明市, 师范类, 本科、公办, 教育    , 云南省教育厅, YNSPBa07 , 专业组07                , 物理组    , 本科批B段    , 化学    , YNSPBa0703 , 化学（师范类）            ,          0,          0,            0,          0,          0,            0,         20,        547,            0,      556.80,        576,            0,         10*,      554*,      22902*,          0,          0,            0,          0,          0,            0,          0,          0,            0, 地方专项计划          , 地方专项计划, 呈贡主校区；地方专项计划，四年，5000元/年
  5308, 云南师范大学, 云南昆明市, 师范类, 本科、公办, 教育    , 云南省教育厅, YNSPBa07 , 专业组07                , 物理组    , 本科批B段    , 化学    , YNSPBa0704 , 计算机科学与技术          ,          0,          0,            0,          0,          0,            0,         10,        543,            0,      548.90,        565,            0,          0,          0,            0,          0,          0,            0,          0,          0,            0,          0,          0,            0, 地方专项计划          , 地方专项计划, 呈贡主校区；地方专项计划，四年，5000元/年
  5308, 云南师范大学, 云南昆明市, 师范类, 本科、公办, 教育    , 云南省教育厅, YNSPBa07 , 专业组07                , 物理组    , 本科批B段    , 化学    , YNSPBa0705 , 新能源科学与工程          ,          0,          0,            0,          0,          0,            0,         10,        539,            0,      544.20,        561,            0,          0,          0,            0,          0,          0,            0,          0,          0,            0,          0,          0,            0, 地方专项计划          , 地方专项计划, 呈贡主校区；地方专项计划，四年，5700元/年
  5308, 云南师范大学, 云南昆明市, 师范类, 本科、公办, 教育    , 云南省教育厅, YNSPBa07 , 专业组07                , 物理组    , 本科批B段    , 化学    , YNSPBa0706 , 数学与应用数学（师范类）  ,          0,          0,            0,          0,          0,            0,          0,          0,            0,          0,          0,            0,         25*,      557*,      21670*,          0,          0,            0,          0,          0,            0,          0,          0,            0, 地方专项计划          , 地方专项计划, 呈贡主校区；地方专项计划，要求考生数学单科成绩达到100分及以上，四年，4500元/年
  5308, 云南师范大学, 云南昆明市, 师范类, 本科、公办, 教育    , 云南省教育厅, YNSPBa07 , 专业组07                , 物理组    , 本科批B段    , 化学    , YNSPBa0707 , 小学教育（师范类）        ,          0,          0,            0,          0,          0,            0,          0,          0,            0,          0,          0,            0,         15*,      525*,      36476*,          0,          0,            0,          0,          0,            0,          0,          0,            0, 地方专项计划          , 地方专项计划, 一二·一西南联大校区；地方专项计划，四年，3400元/年
  5308, 云南师范大学, 云南昆明市, 师范类, 本科、公办, 教育    , 云南省教育厅, YNSPBa08 , 专业组08                , 物理组    , 本科批B段    , 不限    , YNSPBa0801 , 会计学                    ,          0,          0,            0,          0,          0,            0,         41,        510,            0,      518.68,        547,            0,         30*,      494*,      54184*,          0,          0,            0,         40*,      472*,      55581*,          0,          0,            0, 中外合作办学          , 中外合作办学, 一二·一西南联大校区；中外合作办学，与爱尔兰国家学院合作办学，四年，18000元/年
  5308, 云南师范大学, 云南昆明市, 师范类, 本科、公办, 教育    , 云南省教育厅, YNSPBa09 , 专业组09                , 物理组    , 本科批B段    , 化学    , YNSPBa0901 , 物理学（师范类）          ,          0,          0,            0,          0,          0,            0,          5,        559,            0,      561.80,        565,            0,          5*,          0,            0,          0,          0,            0,          5*,          0,            0,          0,          0,            0, 定向西藏就业          , 定向西藏就业, 呈贡主校区；非西藏生源定向西藏就业，只招应届高中毕业生，毕业后充实西藏县级以下基层干部队伍，在西藏工作时间不少于5年，报考须填写《云南省普通高校招生考生报考定向西藏就业志愿申请书》，四年，5000元/年
  5308, 云南师范大学, 云南昆明市, 师范类, 本科、公办, 教育    , 云南省教育厅, YNSPBa09 , 专业组09                , 物理组    , 本科批B段    , 化学    , YNSPBa0902 , 生物科学（师范类）        ,          0,          0,            0,          0,          0,            0,          4,        557,            0,      561.75,        571,            0,          4*,      543*,      27641*,          0,          0,            0,          4*,          0,            0,          0,          0,            0, 定向西藏就业          , 定向西藏就业, 呈贡主校区；非西藏生源定向西藏就业，只招应届高中毕业生，毕业后充实西藏县级以下基层干部队伍，在西藏工作时间不少于5年，报考须填写《云南省普通高校招生考生报考定向西藏就业志愿申请书》，四年，5700元/年
  5308, 云南师范大学, 云南昆明市, 师范类, 本科、公办, 教育    , 云南省教育厅, YNSPBa09 , 专业组09                , 物理组    , 本科批B段    , 化学    , YNSPBa0903 , 化学（师范类）            ,          0,          0,            0,          0,          0,            0,          4,        558,            0,      562.50,        566,            0,          4*,      543*,      27641*,          0,          0,            0,          4*,          0,            0,          0,          0,            0, 定向西藏就业          , 定向西藏就业, 呈贡主校区；非西藏生源定向西藏就业，只招应届高中毕业生，毕业后充实西藏县级以下基层干部队伍，在西藏工作时间不少于5年，报考须填写《云南省普通高校招生考生报考定向西藏就业志愿申请书》，四年，5000元/年
  5308, 云南师范大学, 云南昆明市, 师范类, 本科、公办, 教育    , 云南省教育厅, YNSPBa10 , 专业组10                , 物理组    , 本科批B段    , 不限    , YNSPBa1001 , 英语                      ,          0,          0,            0,          0,          0,            0,          4,        511,            0,      518.75,        530,            0,          3*,      489*,      57448*,          0,          0,            0,          2*,      459*,      63982*,          0,          0,            0, 迪庆专项            , 迪庆专项            , 呈贡主校区；加试外语口试，只招英语语种，只招收通过迪庆专项资格审核的考生，英语口语考试成绩合格，四年，4200元/年
  5308, 云南师范大学, 云南昆明市, 师范类, 本科、公办, 教育    , 云南省教育厅, YNSPBa11 , 专业组11                , 物理组    , 本科批B段    , 不限    , YNSPBa1101 , 小学教育（师范类）        ,          0,          0,            0,          0,          0,            0,          3,        519,            0,      524.33,        531,            0,          3*,      496*,      52968*,          0,          0,            0,          2*,      485*,      48009*,          0,          0,            0, 迪庆专项            , 迪庆专项            , 呈贡主校区；只招收通过迪庆专项资格审核的考生，四年，4200元/年
  5308, 云南师范大学, 云南昆明市, 师范类, 本科、公办, 教育    , 云南省教育厅, YNSPBa11 , 专业组11                , 物理组    , 本科批B段    , 不限    , YNSPBa1102 , 应用心理学                ,          0,          0,            0,          0,          0,            0,          2,        517,            0,      517.50,        518,            0,          2*,      490*,      56800*,          0,          0,            0,          2*,      457*,      65307*,          0,          0,            0, 迪庆专项            , 迪庆专项            , 呈贡主校区；只招收通过迪庆专项资格审核的考生，四年，5000元/年
  5308, 云南师范大学, 云南昆明市, 师范类, 本科、公办, 教育    , 云南省教育厅, YNSPBa11 , 专业组11                , 物理组    , 本科批B段    , 不限    , YNSPBa1103 , 特殊教育（师范类）        ,          0,          0,            0,          0,          0,            0,          1,        518,            0,      518.00,        518,            0,          2*,      489*,      57448*,          0,          0,            0,          2*,      451*,      69302*,          0,          0,            0, 迪庆专项            , 迪庆专项            , 呈贡主校区；只招收通过迪庆专项资格审核的考生，四年，4200元/年
  5308, 云南师范大学, 云南昆明市, 师范类, 本科、公办, 教育    , 云南省教育厅, YNSPBa12 , 专业组12                , 物理组    , 本科批B段    , 化学    , YNSPBa1201 , 数学与应用数学（师范类）  ,          0,          0,            0,          0,          0,            0,          2,        538,            0,      544.00,        550,            0,          2*,      524*,      36994*,          0,          0,            0,          4*,          0,            0,          0,          0,            0, 迪庆专项            , 迪庆专项            , 呈贡主校区；只招收通过迪庆专项资格审核的考生，要求考生数学单科成绩达到100分及以上，四年，5000元/年
  5308, 云南师范大学, 云南昆明市, 师范类, 本科、公办, 教育    , 云南省教育厅, YNSPBa13 , 专业组13                , 物理组    , 本科批B段    , 化学    , YNSPBa1301 , 化学（师范类）            ,          0,          0,            0,          0,          0,            0,          5,        520,            0,      526.80,        547,            0,          5*,      504*,      48212*,          0,          0,            0,          5*,      460*,      63268*,          0,          0,            0, 迪庆专项            , 迪庆专项            , 呈贡主校区；只招收通过迪庆专项资格审核的考生，四年，5000元/年
  5308, 云南师范大学, 云南昆明市, 师范类, 本科、公办, 教育    , 云南省教育厅, YNSPBa13 , 专业组13                , 物理组    , 本科批B段    , 化学    , YNSPBa1302 , 物理学（师范类）          ,          0,          0,            0,          0,          0,            0,          4,        520,            0,      529.00,        551,            0,          4*,      496*,      52968*,          0,          0,            0,          4*,      477*,      52603*,          0,          0,            0, 迪庆专项            , 迪庆专项            , 呈贡主校区；只招收通过迪庆专项资格审核的考生，四年，5000元/年
  5308, 云南师范大学, 云南昆明市, 师范类, 本科、公办, 教育    , 云南省教育厅, YNSPBa13 , 专业组13                , 物理组    , 本科批B段    , 化学    , YNSPBa1303 , 生物科学（师范类）        ,          0,          0,            0,          0,          0,            0,          3,        518,            0,      521.66,        525,            0,          3*,      491*,      56145*,          0,          0,            0,          3*,      462*,      61956*,          0,          0,            0, 迪庆专项            , 迪庆专项            , 呈贡主校区；只招收通过迪庆专项资格审核的考生，四年，5700元/年
  5308, 云南师范大学, 云南昆明市, 师范类, 本科、公办, 教育    , 云南省教育厅, YNSPBa14 , 专业组14                , 物理组    , 本科批B段    , 不限    , YNSPBa1401 , 少数民族预科班              ,          0,          0,            0,          0,          0,            0,         45,        531,            0,      538.46,        568,            0,         45*,      512*,      43555*,          0,          0,            0,          0,          0,            0,          0,          0,            0, 民族预科班            , 民族预科班            , 云南省少数民族预科教育基地，四年，1400元/年
  5308, 云南师范大学, 云南昆明市, 师范类, 本科、公办, 教育    , 云南省教育厅, YNSPBa15 , 专业组15                , 物理组    , 本科批B段    , 不限    , YNSPBa1501 , 少数民族预科班              ,          0,          0,            0,          0,          0,            0,         20,          0,            0,          0,          0,            0,         20*,      485*,      60046*,          0,          0,            0,          0,          0,            0,          0,          0,            0, 民族预科班            , 民族预科班            , 云南省少数民族预科教育基地；招收三区三州深度贫困脱贫县、国务院原挂牌督战脱贫摘帽县及边境县所在州市（普洱市、临沧市、文山州、红河州、西双版纳州、德宏州、怒江州、迪庆州的全部县区及丽江市宁蒗县、曲靖市会泽县、昭通市镇雄县）少数民族考生，四年，1400元/年
