院校ID, 院校名称    , 地区      , 类型  , 院校标签  , 行业标签, 所属部委, 专业组ID    , 专业组名称, 专业组类别, 批次         , 选考科目  , 专业ID        , 专业名称            , 2026计划数, 2026最低分, 2026最低位次, 2026平均分, 2026最高分, 2026最高位次, 2025计划数, 2025最低分, 2025最低位次, 2025平均分, 2025最高分, 2025最高位次, 2024计划数, 2024最低分, 2024最低位次, 2024平均分, 2024最高分, 2024最高位次, 2023计划数, 2023最低分, 2023最低位次, 2023平均分, 2023最高分, 2023最高位次, 专业组标签    , 专业组备注    , 专业备注
  5302, 昆明理工大学, 云南昆明市, 理工类, 本科、公办, 理工类  , 云南省  , KMLGDXTQCw99, 专业组99  , 物理组    , 提前本科批C段, 化学      , KMLGDXTQCw9901, 飞行技术            ,          0,          0,            0,          0,          0,            0,         12,        550,        31275,          0,        606,         8153,          0,          0,            0,          0,          0,            0,          5,          0,            0,          0,          0,            0, 定向          ,               , "春秋航空股份有限公司委托培养助飞贷；英语不低于90分，报考该专业须提前经过民航专业机构的招飞体检鉴定、民用航空背景调查、飞行职业心理学检测合格，四年，4500元/年"
  5302, 昆明理工大学, 云南昆明市, 理工类, 本科、公办, 理工类  , 云南省  , KMLGDXTQCw99, 专业组99  , 物理组    , 提前本科批C段, 化学      , KMLGDXTQCw9902, 飞行技术            ,          0,          0,            0,          0,          0,            0,          0,          0,            0,          0,          0,            0,          8,        500,        50530,          0,          0,            0,         18,          0,            0,          0,          0,            0, 定向          ,               , "东方航空股份有限公司委托培养；英语不低于90分，报考该专业须提前经过民航专业机构的招飞体检鉴定、民用航空背景调查、飞行职业心理学检测合格，四年，4500元/年"
  5302, 昆明理工大学, 云南昆明市, 理工类, 本科、公办, 理工类  , 云南省  , KMLGDXTQCw99, 专业组99  , 物理组    , 提前本科批C段, 化学      , KMLGDXTQCw9903, 飞行技术            ,          0,          0,            0,          0,          0,            0,          0,          0,            0,          0,          0,            0,          0,          0,            0,          0,          0,            0,          5,          0,            0,          0,          0,            0, 定向          ,               , "东方时尚通用航空股份有限公司委托培养；英语不低于90分，报考该专业须提前经过民航专业机构的招飞体检鉴定、民用航空背景调查、飞行职业心理学检测合格，四年，4500元/年"
  5302, 昆明理工大学, 云南昆明市, 理工类, 本科、公办, 理工类  , 云南省  , KMLGDXTQCw99, 专业组99  , 物理组    , 提前本科批C段, 化学      , KMLGDXTQCw9904, 飞行技术            ,          0,          0,            0,          0,          0,            0,          0,          0,            0,          0,          0,            0,          8,        500,        50530,          0,          0,            0,         15,          0,            0,          0,          0,            0, 定向          ,               , "多彩贵州航空有限公司委托培养；英语不低于90分，报考该专业须提前经过民航专业机构的招飞体检鉴定、民用航空背景调查、飞行职业心理学检测合格，四年，4500元/年"
  5302, 昆明理工大学, 云南昆明市, 理工类, 本科、公办, 理工类  , 云南省  , KMLGDXPBw01 , 专业组01  , 物理组    , 本科批B段    , 不限      , KMLGDXPBw0101 , 英语                ,          0,          0,            0,          0,          0,            0,         29,        545,        34052,          0,        576,        18720,         34,        537,        30430,          0,          0,            0,         28,        520,        30003,          0,          0,            0,               ,               , "呈贡校区，四年，4200元/年"
  5302, 昆明理工大学, 云南昆明市, 理工类, 本科、公办, 理工类  , 云南省  , KMLGDXPBw01 , 专业组01  , 物理组    , 本科批B段    , 不限      , KMLGDXPBw0102 , 工商管理            ,          0,          0,            0,          0,          0,            0,         28,        545,        34052,          0,        564,        24086,         23,        539,        29517,          0,          0,            0,         25,        521,        29594,          0,          0,            0,               ,               , "呈贡校区，四年，4500元/年"
  5302, 昆明理工大学, 云南昆明市, 理工类, 本科、公办, 理工类  , 云南省  , KMLGDXPBw01 , 专业组01  , 物理组    , 本科批B段    , 不限      , KMLGDXPBw0103 , 信息管理与信息系统  ,          0,          0,            0,          0,          0,            0,         25,        551,        30718,          0,        577,        18291,         25,        560,        20476,          0,          0,            0,         28,        537,        22774,          0,          0,            0,               ,               , "呈贡校区，四年，4500元/年"
  5302, 昆明理工大学, 云南昆明市, 理工类, 本科、公办, 理工类  , 云南省  , KMLGDXPBw01 , 专业组01  , 物理组    , 本科批B段    , 不限      , KMLGDXPBw0104 , 土地资源管理        ,          0,          0,            0,          0,          0,            0,         25,        545,        34052,          0,        563,        24566,         25,        537,        30430,          0,          0,            0,         28,        510,        34587,          0,          0,            0,               ,               , "莲华校区，四年，5000元/年"
  5302, 昆明理工大学, 云南昆明市, 理工类, 本科、公办, 理工类  , 云南省  , KMLGDXPBw01 , 专业组01  , 物理组    , 本科批B段    , 不限      , KMLGDXPBw0105 , 质量管理工程        ,          0,          0,            0,          0,          0,            0,         24,        545,        34052,          0,        559,        26501,         25,        537,        30430,          0,          0,            0,         24,        511,        34104,          0,          0,            0,               ,               , "呈贡校区，四年，4500元/年"
  5302, 昆明理工大学, 云南昆明市, 理工类, 本科、公办, 理工类  , 云南省  , KMLGDXPBw01 , 专业组01  , 物理组    , 本科批B段    , 不限      , KMLGDXPBw0106 , 法学                ,          0,          0,            0,          0,          0,            0,         22,        564,        24086,          0,        594,        11835,         22,        567,        17838,          0,          0,            0,         19,        548,        18777,          0,          0,            0,               ,               , "呈贡校区，四年，4500元/年"
  5302, 昆明理工大学, 云南昆明市, 理工类, 本科、公办, 理工类  , 云南省  , KMLGDXPBw01 , 专业组01  , 物理组    , 本科批B段    , 不限      , KMLGDXPBw0107 , 物流工程            ,          0,          0,            0,          0,          0,            0,         18,        549,        31830,          0,        572,        20457,         16,        544,        27168,          0,          0,            0,         26,        514,        32663,          0,          0,            0,               ,               , "呈贡校区，四年，5000元/年"
  5302, 昆明理工大学, 云南昆明市, 理工类, 本科、公办, 理工类  , 云南省  , KMLGDXPBw01 , 专业组01  , 物理组    , 本科批B段    , 不限      , KMLGDXPBw0108 , 金融学              ,          0,          0,            0,          0,          0,            0,         14,        552,        30166,          0,        569,        21863,          1,        566,        18216,          0,          0,            0,         15,        528,        26833,          0,          0,            0,               ,               , "呈贡校区，四年，4500元/年"
  5302, 昆明理工大学, 云南昆明市, 理工类, 本科、公办, 理工类  , 云南省  , KMLGDXPBw01 , 专业组01  , 物理组    , 本科批B段    , 不限      , KMLGDXPBw0109 , 国际经济与贸易      ,          0,          0,            0,          0,          0,            0,         13,        545,        34052,          0,        574,        19583,         13,        537,        30430,          0,          0,            0,         17,        510,        34587,          0,          0,            0,               ,               , "呈贡校区，四年，4500元/年"
  5302, 昆明理工大学, 云南昆明市, 理工类, 本科、公办, 理工类  , 云南省  , KMLGDXPBw01 , 专业组01  , 物理组    , 本科批B段    , 不限      , KMLGDXPBw0110 , 数字经济            ,          0,          0,            0,          0,          0,            0,         12,        557,        27488,          0,        578,        17875,         15,        541,        28554,          0,          0,            0,         16,        510,        34587,          0,          0,            0,               ,               , "呈贡校区，四年，4500元/年"
  5302, 昆明理工大学, 云南昆明市, 理工类, 本科、公办, 理工类  , 云南省  , KMLGDXPBw01 , 专业组01  , 物理组    , 本科批B段    , 不限      , KMLGDXPBw0111 , 工程管理            ,          0,          0,            0,          0,          0,            0,         11,        546,        33483,          0,        565,        23641,          5,        542,        28090,          0,          0,            0,         16,        515,        32206,          0,          0,            0,               ,               , "呈贡校区，四年，5000元/年"
  5302, 昆明理工大学, 云南昆明市, 理工类, 本科、公办, 理工类  , 云南省  , KMLGDXPBw01 , 专业组01  , 物理组    , 本科批B段    , 不限      , KMLGDXPBw0112 , 工业工程            ,          0,          0,            0,          0,          0,            0,          6,        556,        28007,          0,        565,        23641,         26,        541,        28554,          0,          0,            0,         20,        510,        34587,          0,          0,            0,               ,               , "呈贡校区，四年，5000元/年"
  5302, 昆明理工大学, 云南昆明市, 理工类, 本科、公办, 理工类  , 云南省  , KMLGDXPBw01 , 专业组01  , 物理组    , 本科批B段    , 不限      , KMLGDXPBw0113 , 会计学              ,          0,          0,            0,          0,          0,            0,          4,        579,        17418,          0,        599,        10210,          3,        569,        17095,          0,          0,            0,          0,        543,        20536,          0,          0,            0,               ,               , "呈贡校区，四年，4500元/年"
  5302, 昆明理工大学, 云南昆明市, 理工类, 本科、公办, 理工类  , 云南省  , KMLGDXPBw02 , 专业组02  , 物理组    , 本科批B段    , 地理      , KMLGDXPBw0201 , 地理信息科学        ,          0,          0,            0,          0,          0,            0,         28,        558,        26994,          0,        578,        17875,         23,        542,        28090,          0,          0,            0,         28,        519,        30454,          0,          0,            0,               ,               , "莲华校区，四年，5000元/年"
  5302, 昆明理工大学, 云南昆明市, 理工类, 本科、公办, 理工类  , 云南省  , KMLGDXPBw02 , 专业组02  , 物理组    , 本科批B段    , 地理      , KMLGDXPBw0202 , 建筑学              ,          0,          0,            0,          0,          0,            0,         11,        554,        29087,          0,        558,        26994,         21,        537,        30430,          0,          0,            0,         25,        520,        30003,          0,          0,            0,               ,               , "呈贡校区，五年，5000元/年"
  5302, 昆明理工大学, 云南昆明市, 理工类, 本科、公办, 理工类  , 云南省  , KMLGDXPBw03 , 专业组03  , 物理组    , 本科批B段    , 化学      , KMLGDXPBw0301 , 新能源科学与工程    ,          0,          0,            0,          0,          0,            0,         40,        557,        27488,          0,        591,        12808,         39,        569,        17095,          0,          0,            0,          0,        541,        21286,          0,          0,            0,               ,               , "绿色能源现代产业学院，莲华校区，四年，5900元/年"
  5302, 昆明理工大学, 云南昆明市, 理工类, 本科、公办, 理工类  , 云南省  , KMLGDXPBw03 , 专业组03  , 物理组    , 本科批B段    , 化学      , KMLGDXPBw0302 , 冶金工程            ,          0,          0,            0,          0,          0,            0,         23,        560,        26012,          0,        580,        16983,         11,        542,        28090,          0,          0,            0,          0,        549,        18448,          0,          0,            0,               ,               , "有色金属新材料现代产业学院，莲华校区，四年，5900元/年"
  5302, 昆明理工大学, 云南昆明市, 理工类, 本科、公办, 理工类  , 云南省  , KMLGDXPBw03 , 专业组03  , 物理组    , 本科批B段    , 化学      , KMLGDXPBw0303 , 化学工程与工艺      ,          0,          0,            0,          0,          0,            0,         19,        554,        29087,          0,        577,        18291,         19,        537,        30430,          0,          0,            0,          0,        510,        34587,          0,          0,            0,               ,               , "绿色钛现代产业学院，呈贡校区，四年，5000元/年"
  5302, 昆明理工大学, 云南昆明市, 理工类, 本科、公办, 理工类  , 云南省  , KMLGDXPBw03 , 专业组03  , 物理组    , 本科批B段    , 化学      , KMLGDXPBw0304 , 矿物加工工程        ,          0,          0,            0,          0,          0,            0,         17,        553,        29629,          0,        558,        26994,         18,        536,        30906,          0,          0,            0,          0,        510,        34587,          0,          0,            0,               ,               , "绿色钛现代产业学院，莲华校区，四年，5000元/年"
  5302, 昆明理工大学, 云南昆明市, 理工类, 本科、公办, 理工类  , 云南省  , KMLGDXPBw03 , 专业组03  , 物理组    , 本科批B段    , 化学      , KMLGDXPBw0305 , 材料科学与工程      ,          0,          0,            0,          0,          0,            0,         11,        555,        28548,          0,        571,        20930,         14,        539,        29517,          0,          0,            0,          0,        524,        28174,          0,          0,            0,               ,               , "绿色钛现代产业学院，莲华校区，四年，5900元/年"
  5302, 昆明理工大学, 云南昆明市, 理工类, 本科、公办, 理工类  , 云南省  , KMLGDXPBw03 , 专业组03  , 物理组    , 本科批B段    , 化学      , KMLGDXPBw0306 , 环境工程            ,          0,          0,            0,          0,          0,            0,          6,        556,        28007,          0,        567,        22756,         10,        546,        26333,          0,          0,            0,          0,        521,        29122,          0,          0,            0,               ,               , "绿色钛现代产业学院，呈贡校区，四年，5900元/年"
  5302, 昆明理工大学, 云南昆明市, 理工类, 本科、公办, 理工类  , 云南省  , KMLGDXPBw04 , 专业组04  , 物理组    , 本科批B段    , 化学      , KMLGDXPBw0401 , 机械工程            ,          0,          0,            0,          0,          0,            0,          5,        594,        11835,          0,        598,        10501,         13,        571,        16399,          0,          0,            0,         82,        535,        23456,          0,          0,            0,               ,               , "机电工程学院（维德创新班），呈贡校区，四年，5900元/年"
  5302, 昆明理工大学, 云南昆明市, 理工类, 本科、公办, 理工类  , 云南省  , KMLGDXPBw04 , 专业组04  , 物理组    , 本科批B段    , 化学      , KMLGDXPBw0402 , 材料科学与工程      ,          0,          0,            0,          0,          0,            0,         72,        552,        30166,          0,        577,        18291,         75,        539,        29517,          0,          0,            0,         59,        510,        34587,          0,          0,            0,               ,               , "莲华校区，四年，5900元/年"
  5302, 昆明理工大学, 云南昆明市, 理工类, 本科、公办, 理工类  , 云南省  , KMLGDXPBw04 , 专业组04  , 物理组    , 本科批B段    , 化学      , KMLGDXPBw0403 , 电气工程及其自动化  ,          0,          0,            0,          0,          0,            0,         71,        598,        10501,          0,        618,         5120,         35,        589,        10697,          0,          0,            0,         33,        572,        11508,          0,          0,            0,               ,               , "呈贡校区，四年，5000元/年"
  5302, 昆明理工大学, 云南昆明市, 理工类, 本科、公办, 理工类  , 云南省  , KMLGDXPBw04 , 专业组04  , 物理组    , 本科批B段    , 化学      , KMLGDXPBw0404 , 农业工程类          ,          0,          0,            0,          0,          0,            0,         68,        553,        29629,          0,        575,        19141,         55,        537,        30430,          0,          0,            0,         52,        510,        34587,          0,          0,            0,               ,               , "包含专业：农业机械化及其自动化、农业水利工程，呈贡校区，四年，5000元/年"
  5302, 昆明理工大学, 云南昆明市, 理工类, 本科、公办, 理工类  , 云南省  , KMLGDXPBw04 , 专业组04  , 物理组    , 本科批B段    , 化学      , KMLGDXPBw0405 , 计算机科学与技术    ,          0,          0,            0,          0,          0,            0,         68,        586,        14637,          0,        600,         9898,         86,        570,        16760,          0,          0,            0,         66,        555,        16436,          0,          0,            0,               ,               , "呈贡校区，四年，5900元/年"
  5302, 昆明理工大学, 云南昆明市, 理工类, 本科、公办, 理工类  , 云南省  , KMLGDXPBw04 , 专业组04  , 物理组    , 本科批B段    , 化学      , KMLGDXPBw0406 , 矿物加工工程        ,          0,          0,            0,          0,          0,            0,         60,        552,        30166,          0,        571,        20930,         65,        560,        20476,          0,          0,            0,         86,        510,        34587,          0,          0,            0,               ,               , "莲华校区，四年，5000元/年"
  5302, 昆明理工大学, 云南昆明市, 理工类, 本科、公办, 理工类  , 云南省  , KMLGDXPBw04 , 专业组04  , 物理组    , 本科批B段    , 化学      , KMLGDXPBw0407 , 化学工程与工艺      ,          0,          0,            0,          0,          0,            0,         58,        552,        30166,          0,        587,        14254,         73,        536,        30906,          0,          0,            0,         98,        510,        34587,          0,          0,            0,               ,               , "呈贡校区，四年，5000元/年"
  5302, 昆明理工大学, 云南昆明市, 理工类, 本科、公办, 理工类  , 云南省  , KMLGDXPBw04 , 专业组04  , 物理组    , 本科批B段    , 化学      , KMLGDXPBw0408 , 食品科学与工程类    ,          0,          0,            0,          0,          0,            0,         54,        552,        30166,          0,        577,        18291,         79,        560,        20476,          0,          0,            0,         78,        510,        34587,          0,          0,            0,               ,               , "包含专业：食品科学与工程、食品质量与安全，呈贡校区，四年，5000元/年"
  5302, 昆明理工大学, 云南昆明市, 理工类, 本科、公办, 理工类  , 云南省  , KMLGDXPBw04 , 专业组04  , 物理组    , 本科批B段    , 化学      , KMLGDXPBw0409 , 安全工程            ,          0,          0,            0,          0,          0,            0,         53,        552,        30166,          0,        571,        20930,         58,        536,        30906,          0,          0,            0,         67,        510,        34587,          0,          0,            0,               ,               , "莲华校区，四年，5900元/年"
  5302, 昆明理工大学, 云南昆明市, 理工类, 本科、公办, 理工类  , 云南省  , KMLGDXPBw04 , 专业组04  , 物理组    , 本科批B段    , 化学      , KMLGDXPBw0410 , 机械工程            ,          0,          0,            0,          0,          0,            0,         51,        571,        20930,          0,        581,        16561,         44,        558,        21248,          0,          0,            0,         40,        535,        23456,          0,          0,            0,               ,               , "民航与航空学院，呈贡校区，四年，5000元/年"
  5302, 昆明理工大学, 云南昆明市, 理工类, 本科、公办, 理工类  , 云南省  , KMLGDXPBw04 , 专业组04  , 物理组    , 本科批B段    , 化学      , KMLGDXPBw0411 , 采矿工程            ,          0,          0,            0,          0,          0,            0,         51,        552,        30166,          0,        571,        20930,         53,        556,        22097,          0,          0,            0,         61,        510,        34587,          0,          0,            0,               ,               , "莲华校区，四年，5000元/年"
  5302, 昆明理工大学, 云南昆明市, 理工类, 本科、公办, 理工类  , 云南省  , KMLGDXPBw04 , 专业组04  , 物理组    , 本科批B段    , 化学      , KMLGDXPBw0412 , 冶金工程            ,          0,          0,            0,          0,          0,            0,         49,        570,        21389,          0,        600,         9898,         81,        546,        26333,          0,          0,            0,        106,        516,        31761,          0,          0,            0,               ,               , "莲华校区，四年，5900元/年"
  5302, 昆明理工大学, 云南昆明市, 理工类, 本科、公办, 理工类  , 云南省  , KMLGDXPBw04 , 专业组04  , 物理组    , 本科批B段    , 化学      , KMLGDXPBw0413 , 材料成型及控制工程  ,          0,          0,            0,          0,          0,            0,         42,        552,        30166,          0,        589,        13520,         40,        556,        22097,          0,          0,            0,         50,        510,        34587,          0,          0,            0,               ,               , "莲华校区，四年，5000元/年"
  5302, 昆明理工大学, 云南昆明市, 理工类, 本科、公办, 理工类  , 云南省  , KMLGDXPBw04 , 专业组04  , 物理组    , 本科批B段    , 化学      , KMLGDXPBw0414 , 数据科学与大数据技术,          0,          0,            0,          0,          0,            0,         42,        580,        16983,          0,        591,        12808,         32,        568,        17436,          0,          0,            0,         29,        553,        17126,          0,          0,            0,               ,               , "呈贡校区，四年，5900元/年"
  5302, 昆明理工大学, 云南昆明市, 理工类, 本科、公办, 理工类  , 云南省  , KMLGDXPBw04 , 专业组04  , 物理组    , 本科批B段    , 化学      , KMLGDXPBw0415 , 应用化学            ,          0,          0,            0,          0,          0,            0,         41,        553,        29629,          0,        593,        12141,         44,        543,        27641,          0,          0,            0,         51,        510,        34587,          0,          0,            0,               ,               , "呈贡校区，四年，5900元/年"
  5302, 昆明理工大学, 云南昆明市, 理工类, 本科、公办, 理工类  , 云南省  , KMLGDXPBw04 , 专业组04  , 物理组    , 本科批B段    , 化学      , KMLGDXPBw0416 , 轻化工程            ,          0,          0,            0,          0,          0,            0,         36,        551,        30718,          0,        573,        20029,         37,        537,        30430,          0,          0,            0,         42,        510,        34587,          0,          0,            0,               ,               , "呈贡校区，四年，5000元/年"
  5302, 昆明理工大学, 云南昆明市, 理工类, 本科、公办, 理工类  , 云南省  , KMLGDXPBw04 , 专业组04  , 物理组    , 本科批B段    , 化学      , KMLGDXPBw0417 , 生物医学工程        ,          0,          0,            0,          0,          0,            0,         36,        564,        24086,          0,        579,        17418,         36,        551,        24162,          0,          0,            0,         38,        525,        27716,          0,          0,            0,               ,               , "呈贡校区，四年，5000元/年"
  5302, 昆明理工大学, 云南昆明市, 理工类, 本科、公办, 理工类  , 云南省  , KMLGDXPBw04 , 专业组04  , 物理组    , 本科批B段    , 化学      , KMLGDXPBw0418 , 测绘工程            ,          0,          0,            0,          0,          0,            0,         35,        552,        30166,          0,        576,        18720,         39,        537,        30430,          0,          0,            0,         49,        512,        33663,          0,          0,            0,               ,               , "莲华校区，四年，5000元/年"
  5302, 昆明理工大学, 云南昆明市, 理工类, 本科、公办, 理工类  , 云南省  , KMLGDXPBw04 , 专业组04  , 物理组    , 本科批B段    , 化学      , KMLGDXPBw0419 , 工程力学            ,          0,          0,            0,          0,          0,            0,         34,        555,        28548,          0,        571,        20930,         32,        544,        27168,          0,          0,            0,         36,        517,        31327,          0,          0,            0,               ,               , "呈贡校区，四年，5000元/年"
  5302, 昆明理工大学, 云南昆明市, 理工类, 本科、公办, 理工类  , 云南省  , KMLGDXPBw04 , 专业组04  , 物理组    , 本科批B段    , 化学      , KMLGDXPBw0420 , 土木工程            ,          0,          0,            0,          0,          0,            0,         33,        551,        30718,          0,        575,        19141,         18,        555,        22520,          0,          0,            0,          4,        544,        20191,          0,          0,            0,               ,               , "呈贡校区，四年，5000元/年"
  5302, 昆明理工大学, 云南昆明市, 理工类, 本科、公办, 理工类  , 云南省  , KMLGDXPBw04 , 专业组04  , 物理组    , 本科批B段    , 化学      , KMLGDXPBw0421 , 过程装备与控制工程  ,          0,          0,            0,          0,          0,            0,         32,        562,        25022,          0,        581,        16561,         33,        541,        28554,          0,          0,            0,         58,        510,        34587,          0,          0,            0,               ,               , "呈贡校区，四年，5000元/年"
  5302, 昆明理工大学, 云南昆明市, 理工类, 本科、公办, 理工类  , 云南省  , KMLGDXPBw04 , 专业组04  , 物理组    , 本科批B段    , 化学      , KMLGDXPBw0422 , 能源与动力工程      ,          0,          0,            0,          0,          0,            0,         32,        579,        17418,          0,        597,        10811,         11,        559,        20863,          0,          0,            0,         34,        536,        23174,          0,          0,            0,               ,               , "莲华校区，四年，5000元/年"
  5302, 昆明理工大学, 云南昆明市, 理工类, 本科、公办, 理工类  , 云南省  , KMLGDXPBw04 , 专业组04  , 物理组    , 本科批B段    , 化学      , KMLGDXPBw0423 , 功能材料            ,          0,          0,            0,          0,          0,            0,         30,        554,        29087,          0,        584,        15420,         32,        537,        30430,          0,          0,            0,         28,        510,        34587,          0,          0,            0,               ,               , "莲华校区，四年，5000元/年"
  5302, 昆明理工大学, 云南昆明市, 理工类, 本科、公办, 理工类  , 云南省  , KMLGDXPBw04 , 专业组04  , 物理组    , 本科批B段    , 化学      , KMLGDXPBw0424 , 工业设计            ,          0,          0,            0,          0,          0,            0,         29,        552,        30166,          0,        591,        12808,         40,        536,        30906,          0,          0,            0,         40,        510,        34587,          0,          0,            0,               ,               , "呈贡校区，四年，5000元/年"
  5302, 昆明理工大学, 云南昆明市, 理工类, 本科、公办, 理工类  , 云南省  , KMLGDXPBw04 , 专业组04  , 物理组    , 本科批B段    , 化学      , KMLGDXPBw0425 , 碳中和科学与工程    ,          0,          0,            0,          0,          0,            0,         28,        565,        23641,          0,        589,        13520,          0,          0,            0,          0,          0,            0,          0,          0,            0,          0,          0,            0,               ,               , "呈贡校区，四年，5000元/年"
  5302, 昆明理工大学, 云南昆明市, 理工类, 本科、公办, 理工类  , 云南省  , KMLGDXPBw04 , 专业组04  , 物理组    , 本科批B段    , 化学      , KMLGDXPBw0426 , 水利水电工程        ,          0,          0,            0,          0,          0,            0,         27,        575,        19141,          0,        595,        11493,         56,        555,        22520,          0,          0,            0,         22,        515,        32206,          0,          0,            0,               ,               , "呈贡校区，四年，5900元/年；"
  5302, 昆明理工大学, 云南昆明市, 理工类, 本科、公办, 理工类  , 云南省  , KMLGDXPBw04 , 专业组04  , 物理组    , 本科批B段    , 化学      , KMLGDXPBw0427 , 资源勘查工程        ,          0,          0,            0,          0,          0,            0,         27,        552,        30166,          0,        583,        15809,         28,        537,        30430,          0,          0,            0,         33,        510,        34587,          0,          0,            0,               ,               , "莲华校区，四年，5000元/年"
  5302, 昆明理工大学, 云南昆明市, 理工类, 本科、公办, 理工类  , 云南省  , KMLGDXPBw04 , 专业组04  , 物理组    , 本科批B段    , 化学      , KMLGDXPBw0428 , 信息与计算科学      ,          0,          0,            0,          0,          0,            0,         26,        572,        20457,          0,        591,        12808,         25,        561,        20083,          0,          0,            0,         30,        510,        34587,          0,          0,            0,               ,               , "呈贡校区，四年，5000元/年"
  5302, 昆明理工大学, 云南昆明市, 理工类, 本科、公办, 理工类  , 云南省  , KMLGDXPBw04 , 专业组04  , 物理组    , 本科批B段    , 化学      , KMLGDXPBw0429 , 制药工程            ,          0,          0,            0,          0,          0,            0,         25,        566,        23188,          0,        596,        11160,         21,        547,        25917,          0,          0,            0,         34,        520,        30003,          0,          0,            0,               ,               , "呈贡校区，四年，5000元/年"
  5302, 昆明理工大学, 云南昆明市, 理工类, 本科、公办, 理工类  , 云南省  , KMLGDXPBw04 , 专业组04  , 物理组    , 本科批B段    , 化学      , KMLGDXPBw0430 , 环境工程            ,          0,          0,            0,          0,          0,            0,         24,        553,        29629,          0,        576,        18720,         46,        543,        27641,          0,          0,            0,         29,        510,        34587,          0,          0,            0,               ,               , "环工学院培养，呈贡校区，四年，5900元/年"
  5302, 昆明理工大学, 云南昆明市, 理工类, 本科、公办, 理工类  , 云南省  , KMLGDXPBw04 , 专业组04  , 物理组    , 本科批B段    , 化学      , KMLGDXPBw0431 , 宝石及材料工艺学    ,          0,          0,            0,          0,          0,            0,         23,        559,        26501,          0,        574,        19583,         23,        537,        30430,          0,          0,            0,         28,        510,        34587,          0,          0,            0,               ,               , "莲华校区，四年，5000元/年"
  5302, 昆明理工大学, 云南昆明市, 理工类, 本科、公办, 理工类  , 云南省  , KMLGDXPBw04 , 专业组04  , 物理组    , 本科批B段    , 化学      , KMLGDXPBw0432 , 车辆工程            ,          0,          0,            0,          0,          0,            0,         23,        572,        20457,          0,        593,        12141,         13,        556,        22097,          0,          0,            0,         43,        510,        34587,          0,          0,            0,               ,               , "呈贡校区，四年，5900元/年"
  5302, 昆明理工大学, 云南昆明市, 理工类, 本科、公办, 理工类  , 云南省  , KMLGDXPBw04 , 专业组04  , 物理组    , 本科批B段    , 化学      , KMLGDXPBw0433 , 飞行器控制与信息工程,          0,          0,            0,          0,          0,            0,         22,        571,        20930,          0,        579,        17418,         26,        553,        23305,          0,          0,            0,         26,        510,        34587,          0,          0,            0,               ,               , "呈贡校区，四年，5000元/年"
  5302, 昆明理工大学, 云南昆明市, 理工类, 本科、公办, 理工类  , 云南省  , KMLGDXPBw04 , 专业组04  , 物理组    , 本科批B段    , 化学      , KMLGDXPBw0434 , 光电信息科学与工程  ,          0,          0,            0,          0,          0,            0,         21,        581,        16561,          0,        589,        13520,         18,        567,        17838,          0,          0,            0,         12,        542,        20901,          0,          0,            0,               ,               , "呈贡校区，四年，5900元/年"
  5302, 昆明理工大学, 云南昆明市, 理工类, 本科、公办, 理工类  , 云南省  , KMLGDXPBw04 , 专业组04  , 物理组    , 本科批B段    , 化学      , KMLGDXPBw0435 , 物联网工程          ,          0,          0,            0,          0,          0,            0,         21,        579,        17418,          0,        586,        14637,         24,        566,        18216,          0,          0,            0,         25,        549,        18448,          0,          0,            0,               ,               , "呈贡校区，四年，5000元/年"
  5302, 昆明理工大学, 云南昆明市, 理工类, 本科、公办, 理工类  , 云南省  , KMLGDXPBw04 , 专业组04  , 物理组    , 本科批B段    , 化学      , KMLGDXPBw0436 , 新能源材料与器件    ,          0,          0,            0,          0,          0,            0,         21,        573,        20029,          0,        596,        11160,         12,        559,        20863,          0,          0,            0,         39,        530,        25572,          0,          0,            0,               ,               , "莲华校区，四年，5900元/年"
  5302, 昆明理工大学, 云南昆明市, 理工类, 本科、公办, 理工类  , 云南省  , KMLGDXPBw04 , 专业组04  , 物理组    , 本科批B段    , 化学      , KMLGDXPBw0437 , 交通运输            ,          0,          0,            0,          0,          0,            0,         18,        569,        21863,          0,        597,        10811,         21,        546,        26333,          0,          0,            0,         24,        527,        26835,          0,          0,            0,               ,               , "民航与航空学院，呈贡校区，四年，5000元/年"
  5302, 昆明理工大学, 云南昆明市, 理工类, 本科、公办, 理工类  , 云南省  , KMLGDXPBw04 , 专业组04  , 物理组    , 本科批B段    , 化学      , KMLGDXPBw0438 , 通信工程            ,          0,          0,            0,          0,          0,            0,         18,        592,        12494,          0,        598,        10501,         15,        580,        13358,          0,          0,            0,          3,        567,        12848,          0,          0,            0,               ,               , "呈贡校区，四年，5000元/年"
  5302, 昆明理工大学, 云南昆明市, 理工类, 本科、公办, 理工类  , 云南省  , KMLGDXPBw04 , 专业组04  , 物理组    , 本科批B段    , 化学      , KMLGDXPBw0439 , 智能建造            ,          0,          0,            0,          0,          0,            0,         17,        561,        25533,          0,        576,        18720,         21,        542,        28090,          0,          0,            0,         39,        510,        34587,          0,          0,            0,               ,               , "呈贡校区，四年，5000元/年"
  5302, 昆明理工大学, 云南昆明市, 理工类, 本科、公办, 理工类  , 云南省  , KMLGDXPBw04 , 专业组04  , 物理组    , 本科批B段    , 化学      , KMLGDXPBw0440 , 电子信息工程        ,          0,          0,            0,          0,          0,            0,         15,        592,        12494,          0,        599,        10210,         34,        575,        14980,          0,          0,            0,         37,        555,        16436,          0,          0,            0,               ,               , "呈贡校区，四年，5000元/年"
  5302, 昆明理工大学, 云南昆明市, 理工类, 本科、公办, 理工类  , 云南省  , KMLGDXPBw04 , 专业组04  , 物理组    , 本科批B段    , 化学      , KMLGDXPBw0441 , 冶金工程            ,          0,          0,            0,          0,          0,            0,         15,        583,        15809,          0,        600,         9898,         14,        563,        19350,          0,          0,            0,         10,        549,        18448,          0,          0,            0,               ,               , "菁英班，莲华校区，四年，5900元/年"
  5302, 昆明理工大学, 云南昆明市, 理工类, 本科、公办, 理工类  , 云南省  , KMLGDXPBw04 , 专业组04  , 物理组    , 本科批B段    , 化学      , KMLGDXPBw0442 , 地质工程            ,          0,          0,            0,          0,          0,            0,         15,        553,        29629,          0,        583,        15809,         22,        545,        26759,          0,          0,            0,         30,        510,        34587,          0,          0,            0,               ,               , "莲华校区，四年，5000元/年"
  5302, 昆明理工大学, 云南昆明市, 理工类, 本科、公办, 理工类  , 云南省  , KMLGDXPBw04 , 专业组04  , 物理组    , 本科批B段    , 化学      , KMLGDXPBw0443 , 生物工程            ,          0,          0,            0,          0,          0,            0,         14,        564,        24086,          0,        582,        16173,          4,        560,        20476,          0,          0,            0,         20,        526,        27257,          0,          0,            0,               ,               , "呈贡校区，四年，5900元/年"
  5302, 昆明理工大学, 云南昆明市, 理工类, 本科、公办, 理工类  , 云南省  , KMLGDXPBw04 , 专业组04  , 物理组    , 本科批B段    , 化学      , KMLGDXPBw0444 , 资源环境科学        ,          0,          0,            0,          0,          0,            0,         14,        552,        30166,          0,        567,        22756,         20,        536,        30906,          0,          0,            0,         26,        510,        34587,          0,          0,            0,               ,               , "呈贡校区，四年，5000元/年"
  5302, 昆明理工大学, 云南昆明市, 理工类, 本科、公办, 理工类  , 云南省  , KMLGDXPBw04 , 专业组04  , 物理组    , 本科批B段    , 化学      , KMLGDXPBw0445 , 机器人工程          ,          0,          0,            0,          0,          0,            0,         14,        576,        18720,          0,        586,        14637,         21,        542,        28090,          0,          0,            0,         64,        527,        26835,          0,          0,            0,               ,               , "呈贡校区，四年，5900元/年"
  5302, 昆明理工大学, 云南昆明市, 理工类, 本科、公办, 理工类  , 云南省  , KMLGDXPBw04 , 专业组04  , 物理组    , 本科批B段    , 化学      , KMLGDXPBw0446 , 新能源科学与工程    ,          0,          0,            0,          0,          0,            0,         13,        580,        16983,          0,        597,        10811,          8,        568,        17436,          0,          0,            0,         42,        541,        21286,          0,          0,            0,               ,               , "莲华校区，四年，5900元/年"
  5302, 昆明理工大学, 云南昆明市, 理工类, 本科、公办, 理工类  , 云南省  , KMLGDXPBw04 , 专业组04  , 物理组    , 本科批B段    , 化学      , KMLGDXPBw0447 , 智能制造工程        ,          0,          0,            0,          0,          0,            0,         12,        579,        17418,          0,        597,        10811,         17,        542,        28090,          0,          0,            0,         43,        534,        23923,          0,          0,            0,               ,               , "呈贡校区，四年，5000元/年"
  5302, 昆明理工大学, 云南昆明市, 理工类, 本科、公办, 理工类  , 云南省  , KMLGDXPBw04 , 专业组04  , 物理组    , 本科批B段    , 化学      , KMLGDXPBw0448 , 储能科学与工程      ,          0,          0,            0,          0,          0,            0,         12,        573,        20029,          0,        579,        17418,         11,        537,        30430,          0,          0,            0,         30,        504,        37615,          0,          0,            0,               ,               , "莲华校区，四年，5000元/年"
  5302, 昆明理工大学, 云南昆明市, 理工类, 本科、公办, 理工类  , 云南省  , KMLGDXPBw04 , 专业组04  , 物理组    , 本科批B段    , 化学      , KMLGDXPBw0449 , 矿物加工工程        ,          0,          0,            0,          0,          0,            0,         11,        554,        29087,          0,        575,        19141,          0,          0,            0,          0,          0,            0,          0,          0,            0,          0,          0,            0,               ,               , "拔尖班，莲华校区，四年，5000元/年"
  5302, 昆明理工大学, 云南昆明市, 理工类, 本科、公办, 理工类  , 云南省  , KMLGDXPBw04 , 专业组04  , 物理组    , 本科批B段    , 化学      , KMLGDXPBw0450 , 环境工程            ,          0,          0,            0,          0,          0,            0,         10,        560,        26012,          0,        573,        20029,          0,          0,            0,          0,          0,            0,          0,          0,            0,          0,          0,            0,               ,               , "拔尖班，呈贡校区，四年，5900元/年"
  5302, 昆明理工大学, 云南昆明市, 理工类, 本科、公办, 理工类  , 云南省  , KMLGDXPBw04 , 专业组04  , 物理组    , 本科批B段    , 化学      , KMLGDXPBw0451 , 交通运输            ,          0,          0,            0,          0,          0,            0,          9,        571,        20930,          0,        592,        12494,         16,        552,        23724,          0,          0,            0,         79,        520,        30003,          0,          0,            0,               ,               , "交通学院，呈贡校区，四年，5000元/年"
  5302, 昆明理工大学, 云南昆明市, 理工类, 本科、公办, 理工类  , 云南省  , KMLGDXPBw04 , 专业组04  , 物理组    , 本科批B段    , 化学      , KMLGDXPBw0452 , 交通工程            ,          0,          0,            0,          0,          0,            0,          5,        570,        21389,          0,        578,        17875,         25,          0,            0,          0,          0,            0,          0,          0,            0,          0,          0,            0,               ,               , "呈贡校区，四年，5900元/年"
  5302, 昆明理工大学, 云南昆明市, 理工类, 本科、公办, 理工类  , 云南省  , KMLGDXPBw04 , 专业组04  , 物理组    , 本科批B段    , 化学      , KMLGDXPBw0453 , 给排水科学与工程    ,          0,          0,            0,          0,          0,            0,          5,        566,        23188,          0,        574,        19583,         12,          0,            0,          0,          0,            0,         15,        529,        25973,          0,          0,            0,               ,               , "呈贡校区，四年，5000元/年"
  5302, 昆明理工大学, 云南昆明市, 理工类, 本科、公办, 理工类  , 云南省  , KMLGDXPBw04 , 专业组04  , 物理组    , 本科批B段    , 化学      , KMLGDXPBw0455 , 水文与水资源工程    ,          0,          0,            0,          0,          0,            0,          4,        568,        22302,          0,        572,        20457,          0,          0,            0,          0,          0,            0,          0,          0,            0,          0,          0,            0,               ,               , "呈贡校区，四年，5000元/年"
  5302, 昆明理工大学, 云南昆明市, 理工类, 本科、公办, 理工类  , 云南省  , KMLGDXPBw05 , 专业组05  , 物理组    , 本科批B段    , 化学、生物, KMLGDXPBw0501 , 人工智能            ,          0,          0,            0,          0,          0,            0,         49,        550,        31275,          0,        585,        15032,         68,        560,        20476,          0,          0,            0,         71,        536,        23174,          0,          0,            0,               ,               , "呈贡校区，四年，5000元/年"
  5302, 昆明理工大学, 云南昆明市, 理工类, 本科、公办, 理工类  , 云南省  , KMLGDXPBw05 , 专业组05  , 物理组    , 本科批B段    , 化学、生物, KMLGDXPBw0502 , 自动化              ,          0,          0,            0,          0,          0,            0,         31,        562,        25022,          0,        598,        10501,         22,        579,        13656,          0,          0,            0,          5,        567,        12848,          0,          0,            0,               ,               , "呈贡校区，四年，5000元/年"
  5302, 昆明理工大学, 云南昆明市, 理工类, 本科、公办, 理工类  , 云南省  , KMLGDXPBw05 , 专业组05  , 物理组    , 本科批B段    , 化学、生物, KMLGDXPBw0503 , 测控技术与仪器      ,          0,          0,            0,          0,          0,            0,         28,        547,        32923,          0,        578,        17875,         28,        555,        22520,          0,          0,            0,         35,        528,        26393,          0,          0,            0,               ,               , "呈贡校区，四年，5000元/年"
  5302, 昆明理工大学, 云南昆明市, 理工类, 本科、公办, 理工类  , 云南省  , KMLGDXPBw05 , 专业组05  , 物理组    , 本科批B段    , 化学、生物, KMLGDXPBw0504 , 护理学              ,          0,          0,            0,          0,          0,            0,         25,        546,        33483,          0,        591,        12808,         25,        536,        30906,          0,          0,            0,         30,        511,        34104,          0,          0,            0,               ,               , "呈贡校区，四年，5000元/年"
  5302, 昆明理工大学, 云南昆明市, 理工类, 本科、公办, 理工类  , 云南省  , KMLGDXPBw06 , 专业组06  , 物理组    , 本科批B段    , 不限      , KMLGDXPBw0601 , 工程管理            ,          0,          0,            0,          0,          0,            0,          7,        548,        32350,          0,        570,        21389,         16,          0,            0,          0,          0,            0,          0,        541,        21286,          0,          0,            0, 国家专项计划  , 国家专项计划  , "国家专项计划，呈贡校区，四年，5000元/年"
  5302, 昆明理工大学, 云南昆明市, 理工类, 本科、公办, 理工类  , 云南省  , KMLGDXPBw07 , 专业组07  , 物理组    , 本科批B段    , 化学      , KMLGDXPBw0701 , 冶金工程            ,          0,          0,            0,          0,          0,            0,         50,        556,        28007,          0,        586,        14637,         50,        558,        21248,          0,          0,            0,          0,        538,        22406,          0,          0,            0, 国家专项计划  , 国家专项计划  , "国家专项计划，莲华校区，四年，5900元/年"
  5302, 昆明理工大学, 云南昆明市, 理工类, 本科、公办, 理工类  , 云南省  , KMLGDXPBw07 , 专业组07  , 物理组    , 本科批B段    , 化学      , KMLGDXPBw0702 , 机械工程            ,          0,          0,            0,          0,          0,            0,         47,        569,        21863,          0,        600,         9898,         20,        566,        18216,          0,          0,            0,          0,        539,        22018,          0,          0,            0, 国家专项计划  , 国家专项计划  , "国家专项计划，机电工程学院，呈贡校区，四年，5900元/年"
  5302, 昆明理工大学, 云南昆明市, 理工类, 本科、公办, 理工类  , 云南省  , KMLGDXPBw07 , 专业组07  , 物理组    , 本科批B段    , 化学      , KMLGDXPBw0703 , 材料科学与工程      ,          0,          0,            0,          0,          0,            0,         45,        546,        33483,          0,        588,        13884,         40,        562,        19735,          0,          0,            0,          0,        538,        22406,          0,          0,            0, 国家专项计划  , 国家专项计划  , "国家专项计划，莲华校区，四年，5900元/年"
  5302, 昆明理工大学, 云南昆明市, 理工类, 本科、公办, 理工类  , 云南省  , KMLGDXPBw07 , 专业组07  , 物理组    , 本科批B段    , 化学      , KMLGDXPBw0704 , 电气工程及其自动化  ,          0,          0,            0,          0,          0,            0,         35,        591,        12808,          0,        612,         6528,         33,        581,        13036,          0,          0,            0,          0,        566,        16135,          0,          0,            0, 国家专项计划  , 国家专项计划  , "国家专项计划，呈贡校区，四年，5000元/年"
  5302, 昆明理工大学, 云南昆明市, 理工类, 本科、公办, 理工类  , 云南省  , KMLGDXPBw07 , 专业组07  , 物理组    , 本科批B段    , 化学      , KMLGDXPBw0705 , 食品科学与工程类    ,          0,          0,            0,          0,          0,            0,         30,        546,        33483,          0,        569,        21863,         26,        558,        21248,          0,          0,            0,          0,        538,        22406,          0,          0,            0, 国家专项计划  , 国家专项计划  , "国家专项计划，包含专业：食品科学与工程、食品质量与安全，呈贡校区，四年，5000元/年"
  5302, 昆明理工大学, 云南昆明市, 理工类, 本科、公办, 理工类  , 云南省  , KMLGDXPBw07 , 专业组07  , 物理组    , 本科批B段    , 化学      , KMLGDXPBw0706 , 光电信息科学与工程  ,          0,          0,            0,          0,          0,            0,         25,        552,        30166,          0,        587,        14254,         24,        561,        20083,          0,          0,            0,          0,        540,        21642,          0,          0,            0, 国家专项计划  , 国家专项计划  , "国家专项计划，呈贡校区，四年，5900元/年"
  5302, 昆明理工大学, 云南昆明市, 理工类, 本科、公办, 理工类  , 云南省  , KMLGDXPBw07 , 专业组07  , 物理组    , 本科批B段    , 化学      , KMLGDXPBw0707 , 车辆工程            ,          0,          0,            0,          0,          0,            0,         20,        554,        29087,          0,        581,        16561,         33,        559,        20863,          0,          0,            0,          0,        537,        22774,          0,          0,            0, 国家专项计划  , 国家专项计划  , "国家专项计划，呈贡校区，四年，5900元/年"
  5302, 昆明理工大学, 云南昆明市, 理工类, 本科、公办, 理工类  , 云南省  , KMLGDXPBw07 , 专业组07  , 物理组    , 本科批B段    , 化学      , KMLGDXPBw0708 , 能源与动力工程      ,          0,          0,            0,          0,          0,            0,         20,        572,        20457,          0,        583,        15809,         34,        560,        20476,          0,          0,            0,          0,        538,        22406,          0,          0,            0, 国家专项计划  , 国家专项计划  , "国家专项计划，莲华校区，四年，5000元/年"
  5302, 昆明理工大学, 云南昆明市, 理工类, 本科、公办, 理工类  , 云南省  , KMLGDXPBw07 , 专业组07  , 物理组    , 本科批B段    , 化学      , KMLGDXPBw0709 , 水利水电工程        ,          0,          0,            0,          0,          0,            0,         18,        562,        25022,          0,        587,        14254,         10,        562,        19735,          0,          0,            0,          0,        543,        20536,          0,          0,            0, 国家专项计划  , 国家专项计划  , "国家专项计划，呈贡校区，四年，5900元/年"
  5302, 昆明理工大学, 云南昆明市, 理工类, 本科、公办, 理工类  , 云南省  , KMLGDXPBw07 , 专业组07  , 物理组    , 本科批B段    , 化学      , KMLGDXPBw0710 , 制药工程            ,          0,          0,            0,          0,          0,            0,         15,        546,        33483,          0,        562,        25022,         10,        558,        21248,          0,          0,            0,          0,        537,        22774,          0,          0,            0, 国家专项计划  , 国家专项计划  , "国家专项计划，呈贡校区，四年，5000元/年"
  5302, 昆明理工大学, 云南昆明市, 理工类, 本科、公办, 理工类  , 云南省  , KMLGDXPBw07 , 专业组07  , 物理组    , 本科批B段    , 化学      , KMLGDXPBw0711 , 环境工程            ,          0,          0,            0,          0,          0,            0,         15,        547,        32923,          0,        555,        28548,         25,        560,        20476,          0,          0,            0,          0,        537,        22774,          0,          0,            0, 国家专项计划  , 国家专项计划  , "国家专项计划，环工学院培养，呈贡校区，四年，5900元/年"
  5302, 昆明理工大学, 云南昆明市, 理工类, 本科、公办, 理工类  , 云南省  , KMLGDXPBw07 , 专业组07  , 物理组    , 本科批B段    , 化学      , KMLGDXPBw0712 , 交通工程            ,          0,          0,            0,          0,          0,            0,         15,        549,        31830,          0,        580,        16983,          6,        562,        19735,          0,          0,            0,          0,        538,        22406,          0,          0,            0, 国家专项计划  , 国家专项计划  , "国家专项计划，呈贡校区，四年，5900元/年"
  5302, 昆明理工大学, 云南昆明市, 理工类, 本科、公办, 理工类  , 云南省  , KMLGDXPBw07 , 专业组07  , 物理组    , 本科批B段    , 化学      , KMLGDXPBw0713 , 给排水科学与工程    ,          0,          0,            0,          0,          0,            0,         10,        552,        30166,          0,        567,        22756,         15,        558,        21248,          0,          0,            0,          0,        537,        22774,          0,          0,            0, 国家专项计划  , 国家专项计划  , "国家专项计划，呈贡校区，四年，5000元/年"
  5302, 昆明理工大学, 云南昆明市, 理工类, 本科、公办, 理工类  , 云南省  , KMLGDXPBw07 , 专业组07  , 物理组    , 本科批B段    , 化学      , KMLGDXPBw0714 , 新能源科学与工程    ,          0,          0,            0,          0,          0,            0,          5,        581,        16561,          0,        591,        12808,          5,        573,        15640,          0,          0,            0,          0,          0,            0,          0,          0,            0, 国家专项计划  , 国家专项计划  , "国家专项计划，莲华校区，四年，5900元/年"
  5302, 昆明理工大学, 云南昆明市, 理工类, 本科、公办, 理工类  , 云南省  , KMLGDXPBw07 , 专业组07  , 物理组    , 本科批B段    , 化学      , KMLGDXPBw0715 , 生物工程            ,          0,          0,            0,          0,          0,            0,          4,        552,        30166,          0,        568,        22302,         20,        569,        17095,          0,          0,            0,          0,        540,        21642,          0,          0,            0, 国家专项计划  , 国家专项计划  , "国家专项计划，呈贡校区，四年，5900元/年"
  5302, 昆明理工大学, 云南昆明市, 理工类, 本科、公办, 理工类  , 云南省  , KMLGDXPBw07 , 专业组07  , 物理组    , 本科批B段    , 化学      , KMLGDXPBw0716 , 通信工程            ,          0,          0,            0,          0,          0,            0,          4,        583,        15809,          0,        590,        13167,          8,        578,        13973,          0,          0,            0,          0,          0,            0,          0,          0,            0, 国家专项计划  , 国家专项计划  , "国家专项计划，呈贡校区，四年，5000元/年"
  5302, 昆明理工大学, 云南昆明市, 理工类, 本科、公办, 理工类  , 云南省  , KMLGDXPBw07 , 专业组07  , 物理组    , 本科批B段    , 化学      , KMLGDXPBw0717 , 水文与水资源工程    ,          0,          0,            0,          0,          0,            0,          2,        560,        26012,          0,        568,        22302,          0,          0,            0,          0,          0,            0,          0,          0,            0,          0,          0,            0, 国家专项计划  , 国家专项计划  , "国家专项计划，呈贡校区，四年，5000元/年；24年水利类计划数10"
  5302, 昆明理工大学, 云南昆明市, 理工类, 本科、公办, 理工类  , 云南省  , KMLGDXPBw08 , 专业组08  , 物理组    , 本科批B段    , 化学、生物, KMLGDXPBw0801 , 自动化              ,          0,          0,            0,          0,          0,            0,         10,        585,        15032,          0,        592,        12494,          6,        577,        14312,          0,          0,            0,          0,        561,        16486,          0,          0,            0, 国家专项计划  , 国家专项计划  , "国家专项计划，呈贡校区，四年，5000元/年"
  5302, 昆明理工大学, 云南昆明市, 理工类, 本科、公办, 理工类  , 云南省  , KMLGDXPBw09 , 专业组09  , 物理组    , 本科批B段    , 化学      , KMLGDXPBw0901 , 冶金工程            ,          0,          0,            0,          0,          0,            0,         23,        570,        21389,          0,        591,        12808,         14,          0,            0,          0,          0,            0,          0,          0,            0,          0,          0,            0, 地方专项计划  , 地方专项计划  , "地方专项计划，莲华校区，四年，5900元/年"
  5302, 昆明理工大学, 云南昆明市, 理工类, 本科、公办, 理工类  , 云南省  , KMLGDXPBw09 , 专业组09  , 物理组    , 本科批B段    , 化学      , KMLGDXPBw0902 , 电气工程及其自动化  ,          0,          0,            0,          0,          0,            0,         20,        591,        12808,          0,        607,         7869,         10,        579,        13656,          0,          0,            0,          0,        565,        16486,          0,          0,            0, 地方专项计划  , 地方专项计划  , "地方专项计划，呈贡校区，四年，5000元/年"
  5302, 昆明理工大学, 云南昆明市, 理工类, 本科、公办, 理工类  , 云南省  , KMLGDXPBw09 , 专业组09  , 物理组    , 本科批B段    , 化学      , KMLGDXPBw0903 , 机械工程            ,          0,          0,            0,          0,          0,            0,         15,        576,        18720,          0,        591,        12808,         13,        568,        17436,          0,          0,            0,          0,        551,        17796,          0,          0,            0, 地方专项计划  , 地方专项计划  , "地方专项计划，机电工程学院，呈贡校区，四年，5900元/年"
  5302, 昆明理工大学, 云南昆明市, 理工类, 本科、公办, 理工类  , 云南省  , KMLGDXPBw09 , 专业组09  , 物理组    , 本科批B段    , 化学      , KMLGDXPBw0904 , 能源与动力工程      ,          0,          0,            0,          0,          0,            0,          8,        587,        14254,          0,        591,        12808,          8,        570,        16760,          0,          0,            0,          0,        551,        17796,          0,          0,            0, 地方专项计划  , 地方专项计划  , "地方专项计划，莲华校区，四年，5000元/年"
  5302, 昆明理工大学, 云南昆明市, 理工类, 本科、公办, 理工类  , 云南省  , KMLGDXPBw09 , 专业组09  , 物理组    , 本科批B段    , 化学      , KMLGDXPBw0905 , 水利水电工程        ,          0,          0,            0,          0,          0,            0,          7,        577,        18291,          0,        590,        13167,         10,        569,        17095,          0,          0,            0,          0,        551,        17796,          0,          0,            0, 地方专项计划  , 地方专项计划  , "地方专项计划，呈贡校区，四年，5900元/年"
  5302, 昆明理工大学, 云南昆明市, 理工类, 本科、公办, 理工类  , 云南省  , KMLGDXPBw09 , 专业组09  , 物理组    , 本科批B段    , 化学      , KMLGDXPBw0906 , 环境工程            ,          0,          0,            0,          0,          0,            0,          4,        569,        21863,          0,        570,        21389,         10,          0,            0,          0,          0,            0,          0,          0,            0,          0,          0,            0, 地方专项计划  , 地方专项计划  , "地方专项计划，环工学院培养，呈贡校区，四年，5900元/年"
  5302, 昆明理工大学, 云南昆明市, 理工类, 本科、公办, 理工类  , 云南省  , KMLGDXPBw09 , 专业组09  , 物理组    , 本科批B段    , 化学      , KMLGDXPBw0907 , 交通运输            ,          0,          0,            0,          0,          0,            0,          3,        570,        21389,          0,        582,        16173,          6,        569,        17095,          0,          0,            0,          0,        551,        17796,          0,          0,            0, 地方专项计划  , 地方专项计划  , "地方专项计划，交通学院，呈贡校区，四年，5000元/年"
  5302, 昆明理工大学, 云南昆明市, 理工类, 本科、公办, 理工类  , 云南省  , KMLGDXPBw09 , 专业组09  , 物理组    , 本科批B段    , 化学      , KMLGDXPBw0908 , 水文与水资源工程    ,          0,          0,            0,          0,          0,            0,          2,        571,        20930,          0,        573,        20029,          0,          0,            0,          0,          0,            0,          0,          0,            0,          0,          0,            0, 地方专项计划  , 地方专项计划  , "地方专项计划，呈贡校区，四年，5000元/年；24年水利类计划数10"
  5302, 昆明理工大学, 云南昆明市, 理工类, 本科、公办, 理工类  , 云南省  , KMLGDXPBw10 , 专业组10  , 物理组    , 本科批B段    , 化学、生物, KMLGDXPBw1001 , 自动化              ,          0,          0,            0,          0,          0,            0,          4,        589,        13520,          0,        590,        13167,          6,        576,        14643,          0,          0,            0,          0,        561,        16486,          0,          0,            0, 地方专项计划  , 地方专项计划  , "地方专项计划，呈贡校区，四年，5000元/年"
  5302, 昆明理工大学, 云南昆明市, 理工类, 本科、公办, 理工类  , 云南省  , KMLGDXPBw11 , 专业组11  , 物理组    , 本科批B段    , 不限      , KMLGDXPBw1101 , 工程管理            ,          0,          0,            0,          0,          0,            0,         60,        438,       109528,          0,        546,        33483,          0,          0,            0,          0,          0,            0,          0,          0,            0,          0,          0,            0, 中外合作办学  , 中外合作办学  , "中外合作办学，呈贡校区，合作对象为英语语种国家高校，高考语种非英语考生慎报，四年，65000元/年"
  5302, 昆明理工大学, 云南昆明市, 理工类, 本科、公办, 理工类  , 云南省  , KMLGDXPBw12 , 专业组12  , 物理组    , 本科批B段    , 不限      , KMLGDXPBw1201 , 物流工程            ,          0,          0,            0,          0,          0,            0,         40,        473,        82926,          0,          0,            0,         26,        505,        47634,          0,          0,            0,         30,        479,        51468,          0,          0,            0, 中外合作办学  , 中外合作办学  , "中外合作办学，呈贡校区，合作对象为英语语种国家高校，高考语种非英语考生慎报，四年，29000元/年"
  5302, 昆明理工大学, 云南昆明市, 理工类, 本科、公办, 理工类  , 云南省  , KMLGDXPBw13 , 专业组13  , 物理组    , 本科批B段    , 化学      , KMLGDXPBw1301 , 电气工程及其自动化  ,          0,          0,            0,          0,          0,            0,         50,        549,        31830,          0,        559,         1320,          0,          0,            0,          0,          0,            0,          0,          0,            0,          0,          0,            0, 中外合作办学  , 中外合作办学  , "中外合作办学，呈贡校区，合作对象为英语语种国家高校，高考语种非英语考生慎报，四年，65000元/年"
  5302, 昆明理工大学, 云南昆明市, 理工类, 本科、公办, 理工类  , 云南省  , KMLGDXPBw14 , 专业组14  , 物理组    , 本科批B段    , 化学      , KMLGDXPBw1401 , 土木工程            ,          0,          0,            0,          0,          0,            0,         43,        433,       113145,          0,          0,            0,         40,        506,        47041,          0,          0,            0,         33,        478,        52037,          0,          0,            0, 中外合作办学  , 中外合作办学  , "中外合作办学，呈贡校区，合作对象为英语语种国家高校，高考语种非英语考生慎报，四年，29000元/年"
  5302, 昆明理工大学, 云南昆明市, 理工类, 本科、公办, 理工类  , 云南省  , KMLGDXPBw15 , 专业组15  , 物理组    , 本科批B段    , 化学、生物, KMLGDXPBw1501 , 临床医学            ,          0,          0,            0,          0,          0,            0,         90,        573,        20029,          0,        590,        13167,         89,        572,        16005,          0,          0,            0,        100,        557,        15836,          0,          0,            0,               ,               , "呈贡校区，五年，5500元/年"
  5302, 昆明理工大学, 云南昆明市, 理工类, 本科、公办, 理工类  , 云南省  , KMLGDXPBw16 , 专业组16  , 物理组    , 本科批B段    , 不限      , KMLGDXPBw1601 , 工程造价            ,          0,          0,            0,          0,          0,            0,         64,        491,        69659,          0,        531,        42262,         74,        480,        63338,          0,          0,            0,         73,        464,        60624,          0,          0,            0,               ,               , "嵩明校区，四年，8500元/年"
  5302, 昆明理工大学, 云南昆明市, 理工类, 本科、公办, 理工类  , 云南省  , KMLGDXPBw16 , 专业组16  , 物理组    , 本科批B段    , 不限      , KMLGDXPBw1602 , 国际经济与贸易      ,          0,          0,            0,          0,          0,            0,         31,        504,        60276,          0,        534,        40403,         32,        481,        62667,          0,          0,            0,         17,        467,        58739,          0,          0,            0,               ,               , "嵩明校区，四年，7000元/年"
  5302, 昆明理工大学, 云南昆明市, 理工类, 本科、公办, 理工类  , 云南省  , KMLGDXPBw16 , 专业组16  , 物理组    , 本科批B段    , 不限      , KMLGDXPBw1603 , 酒店管理            ,          0,          0,            0,          0,          0,            0,         29,        491,        69659,          0,        518,        50619,         29,        479,        64001,          0,          0,            0,         17,        455,        66626,          0,          0,            0,               ,               , "嵩明校区，四年，7000元/年"
  5302, 昆明理工大学, 云南昆明市, 理工类, 本科、公办, 理工类  , 云南省  , KMLGDXPBw16 , 专业组16  , 物理组    , 本科批B段    , 不限      , KMLGDXPBw1604 , 市场营销            ,          0,          0,            0,          0,          0,            0,         26,        494,        67462,          0,        516,        52003,         32,        479,        64001,          0,          0,            0,         24,        455,        66626,          0,          0,            0,               ,               , "嵩明校区，四年，7000元/年"
  5302, 昆明理工大学, 云南昆明市, 理工类, 本科、公办, 理工类  , 云南省  , KMLGDXPBw16 , 专业组16  , 物理组    , 本科批B段    , 不限      , KMLGDXPBw1605 , 泰语                ,          0,          0,            0,          0,          0,            0,         26,        491,        69659,          0,        527,        44759,         23,        480,        63338,          0,          0,            0,         14,        455,        66626,          0,          0,            0,               ,               , "嵩明校区，四年，7000元/年"
  5302, 昆明理工大学, 云南昆明市, 理工类, 本科、公办, 理工类  , 云南省  , KMLGDXPBw16 , 专业组16  , 物理组    , 本科批B段    , 不限      , KMLGDXPBw1606 , 财务管理            ,          0,          0,            0,          0,          0,            0,          9,        525,        46056,          0,        533,        41041,         20,        505,        47634,          0,          0,            0,         13,        481,        50281,          0,          0,            0,               ,               , "嵩明校区，四年，7000元/年"
  5302, 昆明理工大学, 云南昆明市, 理工类, 本科、公办, 理工类  , 云南省  , KMLGDXPBw16 , 专业组16  , 物理组    , 本科批B段    , 不限      , KMLGDXPBw1607 , 会计学              ,          0,          0,            0,          0,          0,            0,          7,        535,        39840,          0,        545,        34052,         17,        514,        42396,          0,          0,            0,          7,        488,        46317,          0,          0,            0,               ,               , "嵩明校区，四年，7000元/年"
  5302, 昆明理工大学, 云南昆明市, 理工类, 本科、公办, 理工类  , 云南省  , KMLGDXPBw17 , 专业组17  , 物理组    , 本科批B段    , 地理      , KMLGDXPBw1701 , 建筑学              ,          0,          0,            0,          0,          0,            0,         29,        492,        68911,          0,        528,        44143,         27,        487,        58735,          0,          0,            0,         13,        482,        49724,          0,          0,            0,               ,               , "嵩明校区，五年，8500元/年"
  5302, 昆明理工大学, 云南昆明市, 理工类, 本科、公办, 理工类  , 云南省  , KMLGDXPBw18 , 专业组18  , 物理组    , 本科批B段    , 化学      , KMLGDXPBw1801 , 机械工程            ,          0,          0,            0,          0,          0,            0,         86,        539,        37443,          0,        551,        30718,        135,        500,        50530,          0,          0,            0,        167,        470,        56802,          0,          0,            0,               ,               , "嵩明校区，四年，8500元/年"
  5302, 昆明理工大学, 云南昆明市, 理工类, 本科、公办, 理工类  , 云南省  , KMLGDXPBw18 , 专业组18  , 物理组    , 本科批B段    , 化学      , KMLGDXPBw1802 , 汽车服务工程        ,          0,          0,            0,          0,          0,            0,         57,        517,        51310,          0,        541,        36341,         78,        479,        64001,          0,          0,            0,         98,        433,        82064,          0,          0,            0,               ,               , "嵩明校区，四年，8500元/年"
  5302, 昆明理工大学, 云南昆明市, 理工类, 本科、公办, 理工类  , 云南省  , KMLGDXPBw18 , 专业组18  , 物理组    , 本科批B段    , 化学      , KMLGDXPBw1803 , 测绘工程            ,          0,          0,            0,          0,          0,            0,         56,        516,        52003,          0,        538,        38037,         66,        485,        60046,          0,          0,            0,         65,        457,        65307,          0,          0,            0,               ,               , "嵩明校区，四年，8500元/年"
  5302, 昆明理工大学, 云南昆明市, 理工类, 本科、公办, 理工类  , 云南省  , KMLGDXPBw18 , 专业组18  , 物理组    , 本科批B段    , 化学      , KMLGDXPBw1804 , 土木工程            ,          0,          0,            0,          0,          0,            0,         54,        517,        51310,          0,        547,        32923,         74,        479,        64001,          0,          0,            0,         73,        466,        59346,          0,          0,            0,               ,               , "嵩明校区，四年，8500元/年"
  5302, 昆明理工大学, 云南昆明市, 理工类, 本科、公办, 理工类  , 云南省  , KMLGDXPBw18 , 专业组18  , 物理组    , 本科批B段    , 化学      , KMLGDXPBw1805 , 电气工程及其自动化  ,          0,          0,            0,          0,          0,            0,         50,        549,        31830,          0,        606,         8153,         50,        521,        38526,          0,          0,            0,         50,        494,        42957,          0,          0,            0,               ,               , "嵩明校区，四年，8500元/年"
  5302, 昆明理工大学, 云南昆明市, 理工类, 本科、公办, 理工类  , 云南省  , KMLGDXPBw18 , 专业组18  , 物理组    , 本科批B段    , 化学      , KMLGDXPBw1806 , 焊接技术与工程      ,          0,          0,            0,          0,          0,            0,         46,        521,        48775,          0,        549,        31830,         47,        485,        60046,          0,          0,            0,         58,        432,        82792,          0,          0,            0,               ,               , "嵩明校区，四年，8500元/年"
  5302, 昆明理工大学, 云南昆明市, 理工类, 本科、公办, 理工类  , 云南省  , KMLGDXPBw18 , 专业组18  , 物理组    , 本科批B段    , 化学      , KMLGDXPBw1807 , 交通运输            ,          0,          0,            0,          0,          0,            0,         45,        532,        41680,          0,        548,        32350,         45,        499,        51134,          0,          0,            0,         46,        469,        57422,          0,          0,            0,               ,               , "嵩明校区，四年，8500元/年"
  5302, 昆明理工大学, 云南昆明市, 理工类, 本科、公办, 理工类  , 云南省  , KMLGDXPBw18 , 专业组18  , 物理组    , 本科批B段    , 化学      , KMLGDXPBw1808 , 地质工程            ,          0,          0,            0,          0,          0,            0,         45,        517,        51310,          0,        549,        31830,         46,        481,        62667,          0,          0,            0,         45,        455,        66626,          0,          0,            0,               ,               , "嵩明校区，四年，8500元/年"
  5302, 昆明理工大学, 云南昆明市, 理工类, 本科、公办, 理工类  , 云南省  , KMLGDXPBw18 , 专业组18  , 物理组    , 本科批B段    , 化学      , KMLGDXPBw1809 , 水文与水资源工程    ,          0,          0,            0,          0,          0,            0,         42,        522,        48100,          0,        560,        26012,         42,        492,        55466,          0,          0,            0,         42,        463,        61273,          0,          0,            0,               ,               , "嵩明校区，四年，8500元/年"
  5302, 昆明理工大学, 云南昆明市, 理工类, 本科、公办, 理工类  , 云南省  , KMLGDXPBw19 , 专业组19  , 物理组    , 本科批B段    , 化学、生物, KMLGDXPBw1901 , 测控技术与仪器      ,          0,          0,            0,          0,          0,            0,         74,        518,        50619,          0,        564,        24086,         84,        493,        54812,          0,          0,            0,         86,        461,        62626,          0,          0,            0,               ,               , "嵩明校区，四年，8500元/年"
  5302, 昆明理工大学, 云南昆明市, 理工类, 本科、公办, 理工类  , 云南省  , KMLGDXPBw20 , 专业组20  , 物理组    , 本科批B段    , 化学      , KMLGDXPBw2001 , 农业工程类          ,          0,          0,            0,          0,          0,            0,         15,        475,        81411,          0,        553,        29629,         15,        513,        42974,          0,          0,            0,         15,        493,        43506,          0,          0,            0, 民族班        , 民族班        , "民族班，呈贡校区，包含专业：农业机械化及其自动化、农业水利工程，招收世居云南省的彝族、哈尼族、白族、傣族、壮族、苗族、回族、傈僳族、拉祜族、佤族、纳西族、瑶族、景颇族、藏族、布朗族、布依族、普米族、阿昌族、怒族、基诺族、蒙古族、德昂族、满族、水族、独龙族等25种少数民族考生，物理类共招收：昆明市5、昭通市3、曲靖市6、玉溪市6、红河州6、文山州6、普洱市3、楚雄州5、西双版纳州3（基诺族、布朗族各1人）、大理州3、迪庆州4、保山市2、怒江州4（独龙族、怒族、普米族各1人）、德宏州4（德昂族、阿昌族、景颇族各1人）、丽江市2、临沧市3，四年，5000元/年"
  5302, 昆明理工大学, 云南昆明市, 理工类, 本科、公办, 理工类  , 云南省  , KMLGDXPBw20 , 专业组20  , 物理组    , 本科批B段    , 化学      , KMLGDXPBw2002 , 食品科学与工程类    ,          0,          0,            0,          0,          0,            0,         15,        528,        44143,          0,        551,        30718,         15,        516,        41326,          0,          0,            0,         15,        489,        45746,          0,          0,            0, 民族班        , 民族班        , "民族班，呈贡校区，包含专业：食品科学与工程、食品质量与安全，招收世居云南省的彝族、哈尼族、白族、傣族、壮族、苗族、回族、傈僳族、拉祜族、佤族、纳西族、瑶族、景颇族、藏族、布朗族、布依族、普米族、阿昌族、怒族、基诺族、蒙古族、德昂族、满族、水族、独龙族等25种少数民族考生，物理类共招收：昆明市5、昭通市3、曲靖市6、玉溪市6、红河州6、文山州6、普洱市3、楚雄州5、西双版纳州3（基诺族、布朗族各1人）、大理州3、迪庆州4、保山市2、怒江州4（独龙族、怒族、普米族各1人）、德宏州4（德昂族、阿昌族、景颇族各1人）、丽江市2、临沧市3，四年，5000元/年"
  5302, 昆明理工大学, 云南昆明市, 理工类, 本科、公办, 理工类  , 云南省  , KMLGDXPBw20 , 专业组20  , 物理组    , 本科批B段    , 化学      , KMLGDXPBw2003 , 环境工程            ,          0,          0,            0,          0,          0,            0,         10,        494,        67462,          0,        556,        28007,         10,          0,            0,          0,          0,            0,         15,        486,        47425,          0,          0,            0, 民族班        , 民族班        , "民族班，呈贡校区，招收世居云南省的彝族、哈尼族、白族、傣族、壮族、苗族、回族、傈僳族、拉祜族、佤族、纳西族、瑶族、景颇族、藏族、布朗族、布依族、普米族、阿昌族、怒族、基诺族、蒙古族、德昂族、满族、水族、独龙族等25种少数民族考生，物理类共招收：昆明市5、昭通市3、曲靖市6、玉溪市6、红河州6、文山州6、普洱市3、楚雄州5、西双版纳州3（基诺族、布朗族各1人）、大理州3、迪庆州4、保山市2、怒江州4（独龙族、怒族、普米族各1人）、德宏州4（德昂族、阿昌族、景颇族各1人）、丽江市2、临沧市3，四年，5900元/年"
  5302, 昆明理工大学, 云南昆明市, 理工类, 本科、公办, 理工类  , 云南省  , KMLGDXPBw20 , 专业组20  , 物理组    , 本科批B段    , 化学      , KMLGDXPBw2004 , 生物工程            ,          0,          0,            0,          0,          0,            0,         10,        518,        50619,          0,        554,        29087,         10,        518,        40177,          0,          0,            0,         10,        507,        36030,          0,          0,            0, 民族班        , 民族班        , "民族班，呈贡校区，招收世居云南省的彝族、哈尼族、白族、傣族、壮族、苗族、回族、傈僳族、拉祜族、佤族、纳西族、瑶族、景颇族、藏族、布朗族、布依族、普米族、阿昌族、怒族、基诺族、蒙古族、德昂族、满族、水族、独龙族等25种少数民族考生，物理类共招收：昆明市5、昭通市3、曲靖市6、玉溪市6、红河州6、文山州6、普洱市3、楚雄州5、西双版纳州3（基诺族、布朗族各1人）、大理州3、迪庆州4、保山市2、怒江州4（独龙族、怒族、普米族各1人）、德宏州4（德昂族、阿昌族、景颇族各1人）、丽江市2、临沧市3，四年，5900元/年"
  5302, 昆明理工大学, 云南昆明市, 理工类, 本科、公办, 理工类  , 云南省  , KMLGDXPBw20 , 专业组20  , 物理组    , 本科批B段    , 化学      , KMLGDXPBw2005 , 水利水电工程        ,          0,          0,            0,          0,          0,            0,          8,        554,        29087,          0,        561,        25533,         15,          0,            0,          0,          0,            0,         10,        515,        32206,          0,          0,            0, 民族班        , 民族班        , "民族班，呈贡校区，招收世居云南省的彝族、哈尼族、白族、傣族、壮族、苗族、回族、傈僳族、拉祜族、佤族、纳西族、瑶族、景颇族、藏族、布朗族、布依族、普米族、阿昌族、怒族、基诺族、蒙古族、德昂族、满族、水族、独龙族等25种少数民族考生，物理类共招收：昆明市5、昭通市3、曲靖市6、玉溪市6、红河州6、文山州6、普洱市3、楚雄州5、西双版纳州3（基诺族、布朗族各1人）、大理州3、迪庆州4、保山市2、怒江州4（独龙族、怒族、普米族各1人）、德宏州4（德昂族、阿昌族、景颇族各1人）、丽江市2、临沧市3，四年，5900元/年"
  5302, 昆明理工大学, 云南昆明市, 理工类, 本科、公办, 理工类  , 云南省  , KMLGDXPBw20 , 专业组20  , 物理组    , 本科批B段    , 化学      , KMLGDXPBw2006 , 水文与水资源工程    ,          0,          0,            0,          0,          0,            0,          7,        549,        31830,          0,        554,        29087,          0,          0,            0,          0,          0,            0,          0,          0,            0,          0,          0,            0, 民族班        , 民族班        , "民族班，呈贡校区，招收世居云南省的彝族、哈尼族、白族、傣族、壮族、苗族、回族、傈僳族、拉祜族、佤族、纳西族、瑶族、景颇族、藏族、布朗族、布依族、普米族、阿昌族、怒族、基诺族、蒙古族、德昂族、满族、水族、独龙族等25种少数民族考生，物理类共招收：昆明市5、昭通市3、曲靖市6、玉溪市6、红河州6、文山州6、普洱市3、楚雄州5、西双版纳州3（基诺族、布朗族各1人）、大理州3、迪庆州4、保山市2、怒江州4（独龙族、怒族、普米族各1人）、德宏州4（德昂族、阿昌族、景颇族各1人）、丽江市2、临沧市3，四年，5000元/年"
  5302, 昆明理工大学, 云南昆明市, 理工类, 本科、公办, 理工类  , 云南省  , KMLGDXPBw21 , 专业组21  , 物理组    , 本科批B段    , 不限      , KMLGDXPBw2101 , 少数民族预科班      ,          0,          0,            0,          0,          0,            0,        100,        503,        60983,          0,          0,            0,        100,          0,            0,          0,          0,            0,          0,          0,            0,          0,          0,            0, 少数民族预科班, 少数民族预科班, "云南省少数民族预科教育基地，预科升学只能升学校城市学院专业，嵩明校区，四年，1400元/年"
  5302, 昆明理工大学, 云南昆明市, 理工类, 本科、公办, 理工类  , 云南省  , KMLGDXPBw22 , 专业组22  , 物理组    , 本科批B段    , 不限      , KMLGDXPBw2201 , 少数民族预科班      ,          0,          0,            0,          0,          0,            0,         40,          0,            0,          0,          0,            0,         40,          0,            0,          0,          0,            0,          0,          0,            0,          0,          0,            0, 少数民族预科班, 少数民族预科班, "云南省少数民族预科教育基地，招收三区三州深度贫困脱贫县、国务院原挂牌督战脱贫摘帽县及边境县所在州市（普洱市、临沧市、文山州，红河州、西双版纳州、德宏州、怒江州、迪庆州的全部县区及丽江市宁蒗县、曲靖市会泽县、昭通市镇雄县）少数民族考生，次年升入符合选考及专业限制要求的专业，预科升学只能升学校城市学院专业，嵩明校区，四年，1400元/年"